site1_index,site2_index,site1_element,site2_element,image_x,image_y,image_z,bond_distance,site1_coord_num,site2_coord_num,local_3_cycle_count,local_4_cycle_count,continuous_ionic_character_en,continuous_ionic_character_charge,delta_electronegativity,avg_electronegativity,delta_bader_charge,avg_bader_charge,delta_electron_density,avg_electron_density,delta_elf,avg_elf,delta_local_dos_fermi,avg_local_dos_fermi,delta_local_environment_anisotropy,avg_local_environment_anisotropy,delta_symmetry_breaking_quotient,avg_symmetry_breaking_quotient,delta_structure_chemistry_incompatibility,avg_structure_chemistry_incompatibility,delta_lie_algebra_norm,avg_lie_algebra_norm,delta_lie_algebra_principal_angle,avg_lie_algebra_principal_angle,delta_local_variational_free_energy,avg_local_variational_free_energy,density_at_midpoint,density_laplacian_at_midpoint,potential_at_midpoint,density_gradient_at_midpoint,lie_incompatibility,tensor_alignment,local_quotient_orbit_size,local_bond_stabilizer_size,symplectic_coupling,align_proj_u1,align_proj_u2,align_proj_u3,align_proj_v1,align_proj_v2,align_proj_v3
0,16,Cs,Br,0,0,0,4.206317191597292,12,6,0,10,0.6918673786849375,1.5395359999999982,2.17,1.875,1.5395359999999982,0.10287100000000038,4374.671753658104,7747.6552136174805,0.0043536179298533095,0.21483430860800684,3.385811778904158e-25,2.310118406476494e-25,0.19999999999999948,0.10000000000000005,0.0,1.0,0.0,0.0,0.1275292924197688,0.3149582517571886,0.09017682746994063,0.22270911560816792,0.13944012172746134,0.7205476471069141,0.023581103012177515,0.001933206598254327,5.776624844370539,0.00011314831839239105,1.0393603655913799e-13,0.9622504486493765,1,2,0.0002042880575534288,0.4453948207685893,2.211023164675469,3.5505076165568115,8.25538362669853e-16,2.6645352591003757e-15,4.206317191597292
0,18,Cs,Br,0,0,0,4.206317191597292,12,6,0,10,0.6918673786849375,1.5395359999999982,2.17,1.875,1.5395359999999982,0.10287100000000038,4374.671753659036,7747.655213617014,0.004353617929857417,0.2148343086080048,3.350501552841145e-25,2.2924632934449877e-25,0.19999999999999948,0.10000000000000005,0.0,1.0,0.0,0.0,0.12752929241993177,0.3149582517571071,0.09017682747005593,0.22270911560811024,0.13944012172746145,0.720547647106914,0.0235811030121768,0.0019332065982571238,5.776624844370649,0.00011314831839234474,3.5963670218368036e-13,0.9622504486493763,1,2,0.00020428805755348515,2.4953832415468895,0.7854806715050588,3.2938103935754772,7.003510027353569e-16,3.5697955199550204,2.224784093352879
0,17,Cs,Br,0,0,0,4.206317191597292,12,6,0,10,0.6918673786849375,1.5395359999999982,2.17,1.875,1.5395359999999982,0.10287100000000038,4374.671753659183,7747.655213616941,0.0043536179298533095,0.21483430860800684,3.372846953179972e-25,2.303635993614401e-25,0.19999999999999948,0.10000000000000005,0.0,1.0,0.0,0.0,0.12752929242044647,0.31495825175684977,0.09017682747041983,0.2227091156079283,0.13944012172746179,0.7205476471069139,0.023780671214541572,0.0023401707407750085,5.771199837986707,0.00010386277104091704,3.6652508633132894e-13,0.9622504486493763,1,2,7.055799008581143e-05,2.940778062315479,2.789869954815587,1.1231893605925163,0.0,2.9743154099999995,2.9743154099999995
0,28,Cs,Br,-1,0,0,4.206317191597293,12,6,0,10,0.6918673786849375,1.5395359999999982,2.17,1.875,1.5395359999999982,0.10287100000000038,4374.671753658087,7747.655213617489,0.004353617929855502,0.21483430860800576,3.3697451597536377e-25,2.302085096901234e-25,0.1999999999999997,0.10000000000000016,0.0,1.0,0.0,0.0,0.1275292924198752,0.3149582517571354,0.09017682747001593,0.22270911560813025,0.13944012172745857,0.7205476471069154,0.023581103012177262,0.001933206598254673,5.776624844370592,0.00011314831839238746,1.0393603655913806e-13,0.9622504486493764,1,1,0.0002042880575537195,0.4453948207685896,3.5753506263206476,2.170621032982961,2.9618210548476807e-16,3.5781071192173193,2.2113918150642764
0,24,Cs,Br,0,-1,0,4.206317191597293,12,6,0,10,0.6918673786849375,1.5395359999999982,2.17,1.875,1.5395359999999982,0.10287100000000038,4374.671753659118,7747.655213616974,0.004353617929855114,0.21483430860800595,3.376629555079069e-25,2.3055272945639495e-25,0.19999999999999948,0.10000000000000005,0.0,1.0,0.0,0.0,0.1275292924199244,0.3149582517571108,0.09017682747005062,0.2227091156081129,0.13944012172746234,0.7205476471069135,0.023780671214542234,0.00234017074077373,5.771199837986658,0.00010386277104090083,3.596367021836809e-13,0.9622504486493764,1,1,7.055799008598062e-05,3.3861728830840687,0.578846790140118,2.427318255964297,2.562617928852953e-16,2.224784093352881,3.5697955199550213
0,22,Cs,Br,0,-1,0,4.206317191597293,12,6,0,10,0.6918673786849375,1.5395359999999982,2.17,1.875,1.5395359999999982,0.10287100000000038,4374.6717536581855,7747.65521361744,0.004353617929856002,0.2148343086080055,3.369925741180901e-25,2.3021753876148657e-25,0.19999999999999948,0.10000000000000005,0.0,1.0,0.0,0.0,0.1275292924204296,0.3149582517568582,0.09017682747040792,0.22270911560793427,0.1394401217274588,0.7205476471069153,0.023581103012177022,0.0019332065982562065,5.7766248443704535,0.0001131483183923862,1.0393603655913805e-13,0.9622504486493761,1,1,0.00020428805755362507,0.4453948207685899,3.5753506263206463,2.170621032982963,1.3107443295079737e-16,3.762244470135021,1.881122235067513
0,21,Cs,Br,0,0,-1,4.206317191597293,12,6,0,10,0.6918673786849375,1.5395359999999982,2.17,1.875,1.5395359999999982,0.10287100000000038,4374.671753659118,7747.655213616974,0.0043536179298558075,0.21483430860800562,3.371439862021568e-25,2.3029324480351993e-25,0.1999999999999996,0.1000000000000001,0.0,1.0,0.0,0.0,0.12752929241998606,0.3149582517570799,0.09017682747009431,0.22270911560809106,0.139440121727461,0.7205476471069142,0.023581103012176953,0.00193320659825502,5.77662484437055,0.00011314831839238174,3.5963670218368036e-13,0.9622504486493761,1,1,0.0002042880575537649,3.38617288308407,0.5788467901401175,2.4273182559642947,4.783063978103254e-16,2.9743154099999995,2.9743154100000013
0,29,Cs,Br,-1,0,0,4.206317191597293,12,6,0,10,0.6918673786849375,1.5395359999999982,2.17,1.875,1.5395359999999982,0.10287100000000038,4374.671753659216,7747.655213616925,0.004353617929854198,0.2148343086080064,3.3553773694196987e-25,2.2949012017342643e-25,0.1999999999999996,0.1000000000000001,0.0,1.0,0.0,0.0,0.12752929242004946,0.3149582517570483,0.09017682747013911,0.22270911560806866,0.13944012172746156,0.7205476471069139,0.023780671214541596,0.0023401707407736676,5.771199837986775,0.00010386277104090731,3.665250863313295e-13,0.9622504486493764,1,1,7.055799008600882e-05,2.940778062315479,2.99650383618053,0.25669722298133424,0.0,3.578107119217319,2.211391815064277
0,20,Cs,Br,0,0,-1,4.206317191597293,12,6,0,10,0.6918673786849375,1.5395359999999982,2.17,1.875,1.5395359999999982,0.10287100000000038,4374.671753659216,7747.655213616925,0.004353617929856196,0.2148343086080054,3.3940140469228348e-25,2.3142195404858324e-25,0.1999999999999996,0.1000000000000001,0.0,1.0,0.0,0.0,0.12752929242005429,0.31495825175704584,0.09017682747014252,0.22270911560806694,0.13944012172746156,0.7205476471069139,0.023780671214542796,0.0023401707407710174,5.771199837986664,0.00010386277104091463,3.66525086331329e-13,0.9622504486493764,1,1,7.055799008579914e-05,2.9407780623154807,2.996503836180528,0.2566972229813337,0.0,2.9743154099999995,2.9743154100000013
0,32,Cs,Br,-1,0,-1,4.206317191597294,12,6,0,10,0.6918673786849375,1.5395359999999982,2.17,1.875,1.5395359999999982,0.10287100000000038,4374.671753659249,7747.655213616908,0.004353617929856418,0.2148343086080053,3.381837740389936e-25,2.308131387219383e-25,0.1999999999999997,0.10000000000000016,0.0,1.0,0.0,0.0,0.1275292924203429,0.3149582517569015,0.09017682747034661,0.2227091156079649,0.13944012172746134,0.7205476471069141,0.023780671214542942,0.002340170740769691,5.771199837986921,0.00010386277104086199,3.665250863313295e-13,0.9622504486493764,1,2,7.055799008633388e-05,2.9407780623154807,2.7898699548155887,1.1231893605925167,6.604306901358828e-16,2.9743154100000013,2.9743154100000013
0,27,Cs,Br,0,-1,-1,4.206317191597294,12,6,0,10,0.6918673786849375,1.5395359999999982,2.17,1.875,1.5395359999999982,0.10287100000000038,4374.67175365915,7747.655213616958,0.00435361792985392,0.21483430860800656,3.4038603653455265e-25,2.3191426996971785e-25,0.1999999999999996,0.1000000000000001,0.0,1.0,0.0,0.0,0.12752929242000716,0.3149582517570694,0.09017682747010922,0.2227091156080836,0.13944012172746167,0.7205476471069139,0.023780671214541884,0.0023401707407737365,5.7711998379868765,0.0001038627710409159,3.596367021836809e-13,0.9622504486493764,1,2,7.055799008599164e-05,2.495383241546891,0.7854806715050593,3.2938103935754794,4.783063978103256e-16,2.9743154100000018,2.974315410000001
0,34,Cs,Br,-1,-1,0,4.206317191597294,12,6,0,10,0.6918673786849375,1.5395359999999982,2.17,1.875,1.5395359999999982,0.10287100000000038,4374.671753658071,7747.655213617497,0.004353617929856002,0.2148343086080055,3.3619854666611226e-25,2.2982052503549766e-25,0.1999999999999996,0.1000000000000001,0.0,1.0,0.0,0.0,0.1275292924202004,0.3149582517569728,0.09017682747024583,0.22270911560801532,0.13944012172746278,0.7205476471069133,0.02378067121454071,0.002340170740775867,5.771199837986957,0.00010386277104090906,1.0393603655913809e-13,0.9622504486493764,1,2,7.055799008583467e-05,0.44539482076858955,2.2110231646754706,3.5505076165568132,9.566127956206508e-16,2.9743154100000018,2.974315410000001
1,21,Cs,Br,0,0,0,4.206317191597292,12,6,0,10,0.6918673786849375,1.5395359999999982,2.17,1.875,1.5395359999999982,0.10287100000000038,4374.6717536481965,7747.655213611513,0.0043587089970948956,0.21483685414162515,3.400285331092161e-25,2.2885097134999026e-25,0.19999999999999973,0.10000000000000003,0.0,1.0,0.0,0.0,0.058032345761966087,0.28020977842806993,0.04103506521644859,0.19813823448126822,0.139440121727461,0.7205476471069142,0.02358110301217877,0.0019332065982499722,5.776624844370567,0.00011314831839240162,3.555815636194591e-13,0.9622504486493764,1,1,0.00020428805755418194,2.97431541,1.5636901482923757,2.5301038078104288,4.783063978103254e-16,2.9743154099999995,2.97431541
1,19,Cs,Br,0,0,0,4.206317191597292,12,6,0,10,0.6918673786849375,1.5395359999999982,2.17,1.875,1.5395359999999982,0.10287100000000038,4374.67175364872,7747.655213611251,0.004357260966262405,0.2148375781570414,3.375426998921305e-25,2.2760805474144744e-25,0.19999999999999973,0.10000000000000003,0.0,1.0,0.0,0.0,0.309225951309053,0.1546129756545265,0.2186557670894925,0.10932788354474625,0.13944012172746312,0.7205476471069132,0.023780671214541322,0.002140602607750031,5.7711998379868055,0.0001024992602800882,3.8449828263997693e-28,0.9622504486493763,1,4,5.3346289885797663e-17,0.0,0.9664136595180526,4.093793956102805,5.465568253537605e-16,2.4594769224849395,3.4123419500529155
1,17,Cs,Br,0,0,0,4.206317191597292,12,6,0,10,0.6918673786849375,1.5395359999999982,2.17,1.875,1.5395359999999982,0.10287100000000038,4374.671753648262,7747.655213611481,0.0043587089970923976,0.2148368541416264,3.401692422250565e-25,2.2892132590791043e-25,0.19999999999999962,0.09999999999999998,0.0,1.0,0.0,0.0,0.058032345762426496,0.2802097784278398,0.04103506521677411,0.19813823448110546,0.13944012172746179,0.7205476471069139,0.02378067121454299,0.0023401707407705178,5.771199837986697,0.00010386277104093663,3.555815636194592e-13,0.9622504486493761,1,1,7.055799008634132e-05,2.9743154099999995,2.5301038078104283,1.5636901482923762,0.0,2.9743154099999995,2.9743154099999995
1,18,Cs,Br,0,0,0,4.206317191597292,12,6,0,10,0.6918673786849375,1.5395359999999982,2.17,1.875,1.5395359999999982,0.10287100000000038,4374.671753648115,7747.655213611553,0.004358708997096505,0.21483685414162434,3.3793470219117378e-25,2.278040558909691e-25,0.19999999999999962,0.09999999999999998,0.0,1.0,0.0,0.0,0.0580323457619118,0.28020977842809713,0.041035065216410205,0.1981382344812874,0.13944012172746145,0.720547647106914,0.023581103012177557,0.0019332065982542563,5.776624844370683,0.00011314831839241673,3.555815636194591e-13,0.9622504486493765,1,1,0.00020428805755392685,2.9743154099999995,1.5636901482923757,2.5301038078104288,2.562617928852939e-16,2.224784093352879,3.5697955199550213
1,20,Cs,Br,0,0,0,4.206317191597292,12,6,0,10,0.6918673786849375,1.5395359999999982,2.17,1.875,1.5395359999999982,0.10287100000000038,4374.671753648295,7747.655213611464,0.004358708997095284,0.21483685414162496,3.4228595159934277e-25,2.2997968059505357e-25,0.19999999999999973,0.10000000000000003,0.0,1.0,0.0,0.0,0.05803234576203431,0.28020977842803585,0.0410350652164968,0.1981382344812441,0.13944012172746156,0.7205476471069139,0.023780671214543518,0.0023401707407681694,5.771199837986662,0.00010386277104090364,3.555815636194592e-13,0.9622504486493761,1,1,7.055799008641126e-05,2.97431541,2.5301038078104283,1.5636901482923762,0.0,2.9743154099999995,2.97431541
1,31,Cs,Br,-1,0,0,4.206317191597293,12,6,0,10,0.6918673786849375,1.5395359999999982,2.17,1.875,1.5395359999999982,0.10287100000000038,4374.671753648704,7747.655213611259,0.004357260966260296,0.21483757815704246,3.377429283856681e-25,2.2770816898821626e-25,0.19999999999999984,0.10000000000000009,0.0,1.0,0.0,0.0,0.309225951309053,0.1546129756545265,0.2186557670894925,0.10932788354474625,0.1394401217274649,0.7205476471069123,0.023780671214543025,0.0021406026077431745,5.771199837986782,0.00010249926028013358,6.265284086959156e-28,0.9622504486493761,1,2,8.882161314484778e-17,0.0,4.093793956102806,0.9664136595180515,5.123380775184991e-17,3.809196351021808,1.7841321351539745
1,25,Cs,Br,0,-1,0,4.206317191597293,12,6,0,10,0.6918673786849375,1.5395359999999982,2.17,1.875,1.5395359999999982,0.10287100000000038,4374.671753648704,7747.655213611259,0.0043572609662594075,0.2148375781570429,3.37742928385612e-25,2.277081689881882e-25,0.19999999999999973,0.10000000000000003,0.0,1.0,0.0,0.0,0.309225951309053,0.1546129756545265,0.2186557670894925,0.10932788354474625,0.13944012172746512,0.7205476471069121,0.023780671214542675,0.0021406026077424806,5.771199837986674,0.00010249926028009604,2.5743469755087407e-28,0.9622504486493764,1,2,2.083435563004284e-16,0.0,4.093793956102806,0.9664136595180541,1.2696275725199165e-15,3.8861303605670963,1.6096879004967355
1,29,Cs,Br,-1,0,0,4.206317191597293,12,6,0,10,0.6918673786849375,1.5395359999999982,2.17,1.875,1.5395359999999982,0.10287100000000038,4374.671753648295,7747.655213611464,0.004358708997093286,0.21483685414162595,3.3842228384902916e-25,2.2804784671989676e-25,0.19999999999999973,0.10000000000000003,0.0,1.0,0.0,0.0,0.05803234576202948,0.2802097784280383,0.04103506521649339,0.1981382344812458,0.13944012172746156,0.7205476471069139,0.023780671214542498,0.0023401707407718422,5.7711998379869165,0.00010386277104090134,3.555815636194596e-13,0.9622504486493761,1,1,7.055799008594015e-05,2.9743154099999995,2.53010380781043,1.563690148292377,0.0,2.2113918150642746,3.57810711921732
1,32,Cs,Br,-1,0,0,4.206317191597293,12,6,0,10,0.6918673786849375,1.5395359999999982,2.17,1.875,1.5395359999999982,0.10287100000000038,4374.6717536483275,7747.655213611448,0.004358708997095506,0.21483685414162484,3.410683209460529e-25,2.2937086526840863e-25,0.19999999999999984,0.10000000000000009,0.0,1.0,0.0,0.0,0.05803234576232291,0.2802097784278915,0.04103506521670089,0.19813823448114204,0.13944012172746134,0.7205476471069141,0.023780671214541745,0.0023401707407750866,5.771199837986883,0.00010386277104096066,3.555815636194596e-13,0.9622504486493764,1,1,7.055799008607509e-05,2.97431541,2.53010380781043,1.563690148292377,6.604306901358825e-16,2.9743154100000013,2.97431541
1,24,Cs,Br,0,-1,0,4.206317191597293,12,6,0,10,0.6918673786849375,1.5395359999999982,2.17,1.875,1.5395359999999982,0.10287100000000038,4374.6717536481965,7747.655213611513,0.004358708997094202,0.2148368541416255,3.405475024149662e-25,2.291104560028653e-25,0.19999999999999962,0.09999999999999998,0.0,1.0,0.0,0.0,0.058032345761904414,0.2802097784281008,0.0410350652164049,0.19813823448129003,0.13944012172746234,0.7205476471069135,0.023780671214542574,0.0023401707407704406,5.771199837986838,0.00010386277104091008,3.5558156361945954e-13,0.9622504486493761,1,1,7.055799008621e-05,2.9743154099999995,1.5636901482923766,2.5301038078104305,7.003510027353585e-16,3.5697955199550218,2.2247840933528797
1,27,Cs,Br,0,-1,0,4.206317191597293,12,6,0,10,0.6918673786849375,1.5395359999999982,2.17,1.875,1.5395359999999982,0.10287100000000038,4374.671753648229,7747.655213611497,0.004358708997093008,0.2148368541416261,3.4327058344161194e-25,2.304719965161882e-25,0.19999999999999973,0.10000000000000003,0.0,1.0,0.0,0.0,0.05803234576198718,0.2802097784280594,0.041035065216463495,0.19813823448126075,0.13944012172746167,0.7205476471069139,0.023780671214543355,0.0023401707407705763,5.771199837986837,0.00010386277104091901,3.5558156361945954e-13,0.9622504486493764,1,1,7.05579900862787e-05,2.97431541,1.5636901482923766,2.5301038078104305,4.783063978103254e-16,2.974315410000001,2.9743154100000004
1,37,Cs,Br,-1,-1,0,4.206317191597294,12,6,0,10,0.6918673786849375,1.5395359999999982,2.17,1.875,1.5395359999999982,0.10287100000000038,4374.671753648687,7747.655213611268,0.004357260966259491,0.21483757815704285,3.3883775416356876e-25,2.282555818771666e-25,0.19999999999999984,0.10000000000000009,0.0,1.0,0.0,0.0,0.309225951309053,0.1546129756545265,0.2186557670894925,0.10932788354474625,0.1394401217274609,0.7205476471069143,0.02378067121454214,0.002140602607746789,5.77119983798688,0.00010249926028013181,2.2859005815027136e-28,0.9622504486493765,1,4,2.6886673267882063e-16,0.0,0.9664136595180535,4.093793956102807,9.906460352038243e-16,1.3301542886570326,3.9904628659710966
2,18,Cs,Br,0,0,0,4.206317191597292,12,6,0,10,0.6918673786849375,1.5395359999999982,2.17,1.875,1.5395359999999982,0.10287100000000038,4374.671753658523,7747.6552136167575,0.004358708997097699,0.21483685414162496,3.380610279249068e-25,2.277408930241026e-25,0.19999999999999946,0.10000000000000006,0.0,1.0,0.0,0.0,0.05803234576159161,0.28020977842793704,0.0410350652161838,0.19813823448117418,0.139440121727461,0.7205476471069138,0.023780671214543612,0.002340170740767944,5.7711998379867095,0.0001038627710409416,3.205168900599055e-13,0.9622504486493765,1,1,7.055799008632283e-05,3.316761653566911,2.3403948254397644,1.1021563005353627,2.5626179288529393e-16,2.224784093352879,3.5697955199550204
2,23,Cs,Br,0,0,0,4.206317191597292,12,6,0,10,0.6918673786849375,1.5395359999999982,2.17,1.875,1.5395359999999982,0.10287100000000038,4374.671753658883,7747.655213616577,0.0043572609662592965,0.21483757815704413,3.35591308024036e-25,2.265060330736672e-25,0.19999999999999957,0.10000000000000012,0.0,1.0,0.0,0.0,0.3092259513087328,0.1546129756543664,0.2186557670892661,0.10932788354463305,0.13944012172746234,0.7205476471069131,0.02378067121454112,0.0021406026077507322,5.771199837986538,0.00010249926028006925,3.1123334507654364e-13,0.9622504486493761,1,4,1.8335603510972916e-16,0.9162103302068425,0.5667046556236344,4.066018787517306,4.440892098500628e-16,2.974315409999999,2.97431541
2,22,Cs,Br,0,0,0,4.206317191597292,12,6,0,10,0.6918673786849375,1.5395359999999982,2.17,1.875,1.5395359999999982,0.10287100000000038,4374.6717536576725,7747.655213617183,0.004358708997096283,0.21483685414162565,3.4000344675888243e-25,2.2871210244109036e-25,0.19999999999999946,0.10000000000000006,0.0,1.0,0.0,0.0,0.05803234576208943,0.2802097784276881,0.0410350652165358,0.1981382344809982,0.13944012172745834,0.7205476471069151,0.023581103012178636,0.001933206598249709,5.776624844370336,0.0001131483183923509,2.3948745784882215e-13,0.9622504486493764,1,1,0.00020428805755385204,2.4005513233600686,1.7736901698161303,2.9638624869819434,4.953230176019119e-16,1.8811222350675116,3.7622444701350215
2,16,Cs,Br,0,0,0,4.206317191597292,12,6,0,10,0.6918673786849375,1.5395359999999982,2.17,1.875,1.5395359999999982,0.10287100000000038,4374.671753657591,7747.655213617224,0.004358708997093591,0.214836854141627,3.415920505312081e-25,2.2950640432725322e-25,0.19999999999999946,0.10000000000000006,0.0,1.0,0.0,0.0,0.05803234576142863,0.28020977842801853,0.041035065216068506,0.19813823448123186,0.1394401217274609,0.7205476471069139,0.023581103012179406,0.0019332065982486497,5.776624844370475,0.00011314831839242908,2.3948745784882215e-13,0.9622504486493765,1,1,0.00020428805755385324,3.40394052210406,1.8273992931148781,1.66340165378904,4.612897780187384e-16,4.206317191597291,2.220446049250313e-15
2,24,Cs,Br,0,0,0,4.206317191597292,12,6,0,10,0.6918673786849375,1.5395359999999982,2.17,1.875,1.5395359999999982,0.10287100000000038,4374.671753658605,7747.655213616717,0.004358708997095395,0.2148368541416261,3.4067382814869923e-25,2.290472931359988e-25,0.19999999999999946,0.10000000000000006,0.0,1.0,0.0,0.0,0.058032345761584225,0.2802097784279407,0.0410350652161785,0.19813823448117684,0.1394401217274619,0.7205476471069133,0.023581103012178754,0.0019332065982492648,5.776624844370376,0.00011314831839246094,3.2051689005990564e-13,0.9622504486493761,1,1,0.00020428805755422487,2.487730191897218,2.3941039487385125,2.4026171337282665,7.003510027353583e-16,3.5697955199550204,2.22478409335288
2,26,Cs,Br,0,0,-1,4.206317191597293,12,6,0,10,0.6918673786849375,1.5395359999999982,2.17,1.875,1.5395359999999982,0.10287100000000038,4374.671753658867,7747.6552136165865,0.004357260966263904,0.21483757815704185,3.3589126557859787e-25,2.2665601185094812e-25,0.19999999999999957,0.10000000000000012,0.0,1.0,0.0,0.0,0.3092259513087328,0.1546129756543664,0.2186557670892661,0.10932788354463305,0.1394401217274619,0.7205476471069133,0.02378067121454182,0.00214060260774697,5.771199837986625,0.00010249926028009439,3.1123334507654384e-13,0.9622504486493765,1,2,1.7249296460841036e-16,0.08717886853714912,4.167794118554644,0.5612453532536761,2.163414802858198e-16,2.974315409999999,2.9743154100000018
2,35,Cs,Br,-1,0,0,4.206317191597293,12,6,0,10,0.6918673786849375,1.5395359999999982,2.17,1.875,1.5395359999999982,0.10287100000000038,4374.671753658818,7747.65521361661,0.004357260966262905,0.21483757815704235,3.359049082334636e-25,2.2666283317838097e-25,0.19999999999999976,0.10000000000000021,0.0,1.0,0.0,0.0,0.3092259513087328,0.1546129756543664,0.2186557670892661,0.10932788354463305,0.13944012172746167,0.7205476471069134,0.02378067121454162,0.0021406026077478656,5.771199837986662,0.00010249926028016275,3.112333450765439e-13,0.9622504486493764,1,2,1.1647498995567056e-16,0.08717886853714973,4.167794118554644,0.5612453532536787,8.881784197001242e-16,2.974315409999999,2.9743154100000013
2,34,Cs,Br,-1,0,0,4.206317191597293,12,6,0,10,0.6918673786849375,1.5395359999999982,2.17,1.875,1.5395359999999982,0.10287100000000038,4374.671753657558,7747.65521361724,0.004358708997096283,0.21483685414162565,3.392094193069046e-25,2.283150887151015e-25,0.19999999999999957,0.10000000000000012,0.0,1.0,0.0,0.0,0.05803234576186023,0.2802097784278027,0.041035065216373706,0.19813823448107926,0.13944012172746234,0.7205476471069131,0.023581103012176478,0.0019332065982586516,5.776624844370585,0.00011314831839232403,2.3948745784882225e-13,0.9622504486493761,1,1,0.00020428805755343994,3.403940522104061,1.8273992931148793,1.663401653789041,1.320861380271765e-15,2.974315410000001,2.9743154099999995
2,21,Cs,Br,0,0,-1,4.206317191597293,12,6,0,10,0.6918673786849375,1.5395359999999982,2.17,1.875,1.5395359999999982,0.10287100000000038,4374.671753658605,7747.655213616717,0.004358708997096089,0.21483685414162573,3.4015485884294915e-25,2.2878780848312377e-25,0.19999999999999957,0.10000000000000012,0.0,1.0,0.0,0.0,0.0580323457616459,0.28020977842790984,0.04103506521622219,0.198138234481155,0.13944012172746056,0.720547647106914,0.02378067121454292,0.0023401707407725153,5.771199837986755,0.00010386277104093604,3.2051689005990554e-13,0.9622504486493761,1,1,7.055799008582361e-05,2.4877301918972172,2.3941039487385143,2.402617133728268,4.783063978103254e-16,2.9743154099999995,2.9743154100000018
2,28,Cs,Br,-1,0,0,4.206317191597294,12,6,0,10,0.6918673786849375,1.5395359999999982,2.17,1.875,1.5395359999999982,0.10287100000000038,4374.671753657574,7747.655213617232,0.004358708997095784,0.2148368541416259,3.399853886161561e-25,2.287030733697272e-25,0.19999999999999968,0.10000000000000017,0.0,1.0,0.0,0.0,0.05803234576153504,0.2802097784279653,0.04103506521614381,0.1981382344811942,0.13944012172745812,0.7205476471069152,0.023780671214541464,0.0023401707407772893,5.771199837986736,0.00010386277104092707,2.394874578488223e-13,0.9622504486493764,1,1,7.055799008583958e-05,2.400551323360068,1.7736901698161314,2.9638624869819443,6.604306901358822e-16,2.2113918150642737,3.5781071192173215
2,27,Cs,Br,0,0,-1,4.206317191597293,12,6,0,10,0.6918673786849375,1.5395359999999982,2.17,1.875,1.5395359999999982,0.10287100000000038,4374.6717536586375,7747.655213616701,0.004358708997094202,0.21483685414162668,3.43396909175345e-25,2.3040883364932164e-25,0.19999999999999957,0.10000000000000012,0.0,1.0,0.0,0.0,0.05803234576166699,0.2802097784278993,0.04103506521623709,0.19813823448114753,0.13944012172746123,0.7205476471069137,0.023581103012177567,0.0019332065982531213,5.776624844370551,0.00011314831839238533,3.205168900599058e-13,0.9622504486493764,1,1,0.00020428805755398331,3.3167616535669113,2.340394825439766,1.1021563005353638,4.783063978103253e-16,2.9743154099999995,2.9743154100000018
2,38,Cs,Br,-1,0,-1,4.206317191597293,12,6,0,10,0.6918673786849375,1.5395359999999982,2.17,1.875,1.5395359999999982,0.10287100000000038,4374.67175365885,7747.655213616594,0.004357260966261295,0.21483757815704313,3.3681147226442764e-25,2.27116115193863e-25,0.19999999999999987,0.10000000000000027,0.0,1.0,0.0,0.0,0.3092259513087328,0.1546129756543664,0.2186557670892661,0.10932788354463305,0.13944012172746123,0.7205476471069137,0.02378067121454213,0.002140602607745873,5.7711998379866944,0.00010249926028012461,3.112333450765438e-13,0.9622504486493764,1,4,1.0311637005335711e-16,0.9162103302068431,0.566704655623635,4.066018787517309,2.539255145039831e-15,1.218924046480529,4.025832644961596
3,23,Cs,Br,0,0,0,4.206317191597292,12,6,0,10,0.6918673786849375,1.5395359999999982,2.17,1.875,1.5395359999999982,0.10287100000000038,4374.67175364836,7747.655213611317,0.004362733127338092,0.21484031423758354,3.3767651351912916e-25,2.2546343032612058e-25,0.19999999999999937,0.10000000000000021,0.0,1.0,0.0,0.0,0.218655767088996,0.109327883544498,0.1546129756541754,0.0773064878270877,0.1394401217274629,0.7205476471069134,0.023780671214543983,0.0021406026077393924,5.771199837986684,0.00010249926028007932,3.142926686252941e-13,0.9622504486493763,1,2,1.6932867233887028e-16,1.587879068793684,2.8598754945521327,2.6444009784588314,4.440892098500628e-16,2.9743154099999995,2.974315409999999
3,24,Cs,Br,0,0,0,4.206317191597292,12,6,0,10,0.6918673786849375,1.5395359999999982,2.17,1.875,1.5395359999999982,0.10287100000000038,4374.671753648082,7747.655213611455,0.004364181158174191,0.21483959022216548,3.427590336437924e-25,2.280046903884522e-25,0.19999999999999926,0.10000000000000016,0.0,1.0,0.0,0.0,0.032537838458152585,0.23492468631807228,0.0230077262189122,0.16611683876363148,0.13944012172746245,0.7205476471069137,0.02358110301217729,0.0019332065982538911,5.7766248443704775,0.00011314831839242893,3.235841072189826e-13,0.9622504486493761,1,1,0.00020428805755390978,1.9673059519375962,3.676982778709885,0.5500993118235775,2.5626179288529527e-16,2.2247840933528797,3.5697955199550204
3,26,Cs,Br,0,0,0,4.206317191597292,12,6,0,10,0.6918673786849375,1.5395359999999982,2.17,1.875,1.5395359999999982,0.10287100000000038,4374.671753648344,7747.655213611324,0.0043627331273426995,0.21484031423758124,3.37976471073691e-25,2.256134091034015e-25,0.19999999999999937,0.10000000000000021,0.0,1.0,0.0,0.0,0.218655767088996,0.109327883544498,0.1546129756541754,0.0773064878270877,0.13944012172746245,0.7205476471069137,0.02378067121454432,0.0021406026077363783,5.7711998379866065,0.00010249926028015184,3.142926686252941e-13,0.9622504486493765,1,2,5.904608881451235e-17,0.014034307243607547,2.8598754945521336,3.0844804279176925,1.1045198999859455e-15,2.97431541,2.9743154099999995
3,19,Cs,Br,0,0,0,4.206317191597292,12,6,0,10,0.6918673786849375,1.5395359999999982,2.17,1.875,1.5395359999999982,0.10287100000000038,4374.671753648606,7747.655213611193,0.004362733127342394,0.21484031423758138,3.397542311209567e-25,2.2650228912703437e-25,0.19999999999999937,0.10000000000000021,0.0,1.0,0.0,0.0,0.218655767088996,0.109327883544498,0.1546129756541754,0.0773064878270877,0.13944012172746323,0.7205476471069132,0.023780671214543317,0.0021406026077428826,5.77119983798674,0.00010249926028013642,9.938806847484693e-14,0.9622504486493763,1,2,1.2598325784153482e-16,3.5551850207312796,0.8171072841577524,2.094301666635254,1.4347352450538869e-15,3.412341950052914,2.45947692248494
3,21,Cs,Br,0,0,0,4.206317191597292,12,6,0,10,0.6918673786849375,1.5395359999999982,2.17,1.875,1.5395359999999982,0.10287100000000038,4374.671753648082,7747.655213611455,0.004364181158174885,0.21483959022216514,3.422400643380423e-25,2.2774520573557715e-25,0.19999999999999937,0.10000000000000021,0.0,1.0,0.0,0.0,0.03253783845809091,0.23492468631804148,0.023007726218868513,0.16611683876360966,0.13944012172746112,0.7205476471069143,0.023780671214543487,0.0023401707407685636,5.771199837986714,0.00010386277104097265,3.235841072189822e-13,0.9622504486493761,1,1,7.05579900864664e-05,1.9673059519375955,3.676982778709886,0.5500993118235774,4.783063978103254e-16,2.9743154099999995,2.97431541
3,18,Cs,Br,0,0,0,4.206317191597292,12,6,0,10,0.6918673786849375,1.5395359999999982,2.17,1.875,1.5395359999999982,0.10287100000000038,4374.671753648,7747.655213611497,0.0043641811581764944,0.21483959022216434,3.4014623341999997e-25,2.26698290276556e-25,0.19999999999999926,0.10000000000000016,0.0,1.0,0.0,0.0,0.0325378384581452,0.23492468631806862,0.0230077262189069,0.16611683876362884,0.13944012172746156,0.7205476471069141,0.0237806712145425,0.0023401707407706275,5.7711998379868445,0.00010386277104091589,3.235841072189822e-13,0.9622504486493763,1,2,7.055799008611308e-05,3.541150713487672,2.0427682103943807,0.990178761282439,7.003510027353569e-16,3.5697955199550204,2.224784093352879
3,25,Cs,Br,0,0,0,4.206317191597292,12,6,0,10,0.6918673786849375,1.5395359999999982,2.17,1.875,1.5395359999999982,0.10287100000000038,4374.671753648589,7747.655213611202,0.0043627331273393966,0.21484031423758287,3.399544596144382e-25,2.266024033737751e-25,0.19999999999999937,0.10000000000000021,0.0,1.0,0.0,0.0,0.218655767088996,0.109327883544498,0.1546129756541754,0.0773064878270877,0.13944012172746523,0.7205476471069122,0.023780671214543574,0.0021406026077395706,5.77119983798656,0.00010249926028014802,9.938806847484696e-14,0.9622504486493763,1,2,9.28323168280789e-17,1.9532716446939886,0.8171072841577516,3.6345797397412705,1.2696275725199153e-15,1.6096879004967357,3.886130360567096
3,27,Cs,Br,0,0,0,4.206317191597292,12,6,0,10,0.6918673786849375,1.5395359999999982,2.17,1.875,1.5395359999999982,0.10287100000000038,4374.671753648115,7747.655213611439,0.004364181158172997,0.2148395902221661,3.4548211467043813e-25,2.293662309017751e-25,0.19999999999999937,0.10000000000000021,0.0,1.0,0.0,0.0,0.03253783845806982,0.23492468631803093,0.023007726218853608,0.1661168387636022,0.13944012172746179,0.7205476471069139,0.023581103012178375,0.0019332065982521883,5.776624844370483,0.00011314831839241014,3.235841072189826e-13,0.9622504486493764,1,2,0.00020428805755377967,3.5411507134876725,2.042768210394381,0.9901787612824391,4.783063978103255e-16,2.9743154100000004,2.9743154099999995
3,35,Cs,Br,-1,0,0,4.206317191597293,12,6,0,10,0.6918673786849375,1.5395359999999982,2.17,1.875,1.5395359999999982,0.10287100000000038,4374.671753648295,7747.65521361135,0.0043627331273417,0.21484031423758174,3.3799011372855675e-25,2.256202304308344e-25,0.19999999999999957,0.10000000000000031,0.0,1.0,0.0,0.0,0.218655767088996,0.109327883544498,0.1546129756541754,0.0773064878270877,0.13944012172746223,0.7205476471069137,0.02378067121454371,0.0021406026077391348,5.771199837986689,0.0001024992602801199,3.142926686252945e-13,0.9622504486493761,1,2,2.4774562235123107e-16,0.014034307243608102,2.859875494552133,3.0844804279176943,8.881784197001242e-16,2.9743154099999995,2.9743154100000013
3,37,Cs,Br,-1,0,0,4.206317191597293,12,6,0,10,0.6918673786849375,1.5395359999999982,2.17,1.875,1.5395359999999982,0.10287100000000038,4374.671753648572,7747.6552136112105,0.00436273312733948,0.21484031423758285,3.4104928539239495e-25,2.2714981626275347e-25,0.19999999999999948,0.10000000000000027,0.0,1.0,0.0,0.0,0.218655767088996,0.109327883544498,0.1546129756541754,0.0773064878270877,0.139440121727461,0.7205476471069143,0.023780671214542394,0.0021406026077440796,5.771199837986743,0.00010249926028009297,9.938806847484707e-14,0.9622504486493761,1,2,2.0746571216669114e-16,3.5551850207312805,0.8171072841577525,2.094301666635255,3.3021534506794145e-16,3.9904628659710957,1.3301542886570328
3,38,Cs,Br,-1,0,0,4.206317191597294,12,6,0,10,0.6918673786849375,1.5395359999999982,2.17,1.875,1.5395359999999982,0.10287100000000038,4374.6717536483275,7747.655213611333,0.0043627331273400904,0.21484031423758254,3.388966777595208e-25,2.260735124463164e-25,0.19999999999999968,0.10000000000000037,0.0,1.0,0.0,0.0,0.218655767088996,0.109327883544498,0.1546129756541754,0.0773064878270877,0.13944012172746179,0.7205476471069139,0.02378067121454343,0.002140602607741692,5.771199837986703,0.00010249926028010638,3.1429266862529454e-13,0.9622504486493764,1,2,1.7796153109591324e-16,1.5878790687936846,2.8598754945521336,2.644400978458833,7.628983056395826e-16,4.025832644961595,1.2189240464805298
3,31,Cs,Br,-1,0,0,4.206317191597294,12,6,0,10,0.6918673786849375,1.5395359999999982,2.17,1.875,1.5395359999999982,0.10287100000000038,4374.671753648589,7747.655213611202,0.004362733127340285,0.21484031423758243,3.399544596144943e-25,2.266024033738032e-25,0.19999999999999948,0.10000000000000027,0.0,1.0,0.0,0.0,0.218655767088996,0.109327883544498,0.1546129756541754,0.0773064878270877,0.139440121727465,0.7205476471069123,0.023780671214543317,0.0021406026077407307,5.771199837986749,0.00010249926028011947,9.938806847484712e-14,0.9622504486493761,1,2,1.111983068790872e-16,1.9532716446939875,0.8171072841577524,3.634579739741272,9.394122274519738e-16,1.7841321351539725,3.80919635102181
4,30,Cs,Br,0,0,0,4.206317191597292,12,6,0,10,0.6918673786849375,1.5395359999999982,2.17,1.875,1.5395359999999982,0.10287100000000038,4374.671753642143,7747.655213608257,0.004357260966262405,0.2148375781570412,3.3337489451268094e-25,2.253797681753512e-25,0.19999999999999987,0.10000000000000007,0.0,1.0,0.0,0.0,0.3092259513089881,0.15461297565449406,0.2186557670894466,0.1093278835447233,0.13944012172746267,0.720547647106913,0.023780671214541138,0.0021406026077503853,5.771199837986653,0.00010249926028014039,3.8906600135714296e-13,0.9622504486493765,1,4,2.3794190414889386e-16,1.5876472402384125,3.601833846143231,1.4829947746594878,2.2204460492503109e-16,1.020181769165121,4.080727076660488
4,16,Cs,Br,0,0,0,4.206317191597292,12,6,0,10,0.6918673786849375,1.5395359999999982,2.17,1.875,1.5395359999999982,0.10287100000000038,4374.6717536409,7747.6552136088785,0.004358708997092203,0.2148368541416263,3.4161010867384655e-25,2.29497375255934e-25,0.19999999999999965,0.09999999999999996,0.0,1.0,0.0,0.0,0.05803234576168392,0.28020977842814615,0.041035065216249,0.1981382344813221,0.139440121727461,0.7205476471069139,0.023581103012178885,0.0019332065982494546,5.776624844370485,0.00011314831839234326,2.3948745784882215e-13,0.9622504486493765,1,1,0.00020428805755368397,3.8145452948861127,1.2797537075875212,1.2266127985249242,4.612897780187384e-16,4.206317191597291,2.220446049250313e-15
4,17,Cs,Br,0,0,0,4.206317191597292,12,6,0,10,0.6918673786849375,1.5395359999999982,2.17,1.875,1.5395359999999982,0.10287100000000038,4374.671753641979,7747.655213608339,0.004358708997092203,0.2148368541416263,3.4031362610142797e-25,2.2884913396972474e-25,0.19999999999999965,0.09999999999999996,0.0,1.0,0.0,0.0,0.058032345762361603,0.2802097784278073,0.0410350652167282,0.19813823448108248,0.13944012172746145,0.7205476471069137,0.023780671214542224,0.0023401707407724125,5.771199837986605,0.0001038627710409715,3.9653150585820385e-13,0.9622504486493765,1,1,7.055799008645777e-05,3.216389617882268,0.07725892600710349,2.7096075731844116,0.0,2.9743154099999995,2.974315409999999
4,28,Cs,Br,0,0,0,4.206317191597292,12,6,0,10,0.6918673786849375,1.5395359999999982,2.17,1.875,1.5395359999999982,0.10287100000000038,4374.671753640883,7747.655213608887,0.004358708997094396,0.2148368541416252,3.4000344675879454e-25,2.28694044298408e-25,0.19999999999999987,0.10000000000000007,0.0,1.0,0.0,0.0,0.05803234576179034,0.2802097784280929,0.0410350652163243,0.19813823448128443,0.13944012172745823,0.7205476471069152,0.02358110301217789,0.0019332065982532057,5.7766248443704615,0.00011314831839238358,2.3948745784882225e-13,0.9622504486493764,1,1,0.0002042880575539121,1.6287423776438545,3.6790927721503346,1.226612798524924,6.60430690135882e-16,2.211391815064274,3.5781071192173197
4,29,Cs,Br,0,0,0,4.206317191597292,12,6,0,10,0.6918673786849375,1.5395359999999982,2.17,1.875,1.5395359999999982,0.10287100000000038,4374.671753642012,7747.655213608323,0.0043587089970930915,0.21483685414162584,3.3856666772540064e-25,2.2797565478171107e-25,0.19999999999999976,0.10000000000000002,0.0,1.0,0.0,0.0,0.05803234576196459,0.2802097784280058,0.04103506521644748,0.19813823448122286,0.13944012172746123,0.7205476471069138,0.023780671214541936,0.0023401707407746854,5.771199837986687,0.00010386277104092424,3.9653150585820426e-13,0.9622504486493765,1,1,7.055799008610216e-05,2.2268980546476995,2.3220801385557097,2.709607573184412,0.0,2.2113918150642746,3.578107119217319
4,33,Cs,Br,0,0,-1,4.206317191597293,12,6,0,10,0.6918673786849375,1.5395359999999982,2.17,1.875,1.5395359999999982,0.10287100000000038,4374.671753642176,7747.655213608241,0.004357260966260712,0.21483757815704205,3.3366352007448507e-25,2.2552408095625326e-25,0.19999999999999987,0.10000000000000007,0.0,1.0,0.0,0.0,0.3092259513089881,0.15461297565449406,0.2186557670894466,0.1093278835447233,0.13944012172746245,0.7205476471069132,0.0237806712145417,0.00214060260774731,5.771199837986648,0.00010249926028010306,3.8906600135714306e-13,0.9622504486493765,1,2,2.0093698213369322e-16,0.5981556770038436,1.3570126335946242,3.936220371709338,6.460304560498682e-32,2.97431541,2.974315410000001
4,36,Cs,Br,0,-1,0,4.206317191597293,12,6,0,10,0.6918673786849375,1.5395359999999982,2.17,1.875,1.5395359999999982,0.10287100000000038,4374.671753642225,7747.6552136082155,0.004357260966259796,0.21483757815704252,3.335617281507898e-25,2.254731849944056e-25,0.19999999999999987,0.10000000000000007,0.0,1.0,0.0,0.0,0.3092259513089881,0.15461297565449406,0.2186557670894466,0.1093278835447233,0.13944012172746156,0.7205476471069137,0.02378067121454105,0.0021406026077492534,5.771199837986645,0.00010249926028007387,3.890660013571432e-13,0.9622504486493765,1,2,7.610633890473459e-17,0.5981556770038448,1.3570126335946262,3.9362203717093367,1.9721522630525295e-31,2.974315409999999,2.9743154100000013
4,20,Cs,Br,0,0,-1,4.206317191597293,12,6,0,10,0.6918673786849375,1.5395359999999982,2.17,1.875,1.5395359999999982,0.10287100000000038,4374.671753642012,7747.655213608323,0.00435870899709509,0.21483685414162484,3.4243033547571425e-25,2.2990748865686788e-25,0.19999999999999976,0.10000000000000002,0.0,1.0,0.0,0.0,0.05803234576196942,0.28020977842800343,0.041035065216450894,0.19813823448122114,0.13944012172746123,0.7205476471069138,0.02378067121454248,0.0023401707407734867,5.77119983798675,0.00010386277104096089,3.96531505858204e-13,0.9622504486493765,1,1,7.05579900861499e-05,2.226898054647699,2.3220801385557106,2.709607573184414,0.0,2.9743154099999995,2.9743154100000018
4,32,Cs,Br,0,0,-1,4.206317191597293,12,6,0,10,0.6918673786849375,1.5395359999999982,2.17,1.875,1.5395359999999982,0.10287100000000038,4374.671753642045,7747.655213608306,0.004358708997095312,0.21483685414162473,3.4121270482242437e-25,2.292986733302229e-25,0.19999999999999987,0.10000000000000007,0.0,1.0,0.0,0.0,0.05803234576225802,0.2802097784278591,0.04103506521665498,0.1981382344811191,0.139440121727461,0.7205476471069139,0.02378067121454166,0.002340170740774344,5.771199837986782,0.0001038627710409085,3.9653150585820436e-13,0.9622504486493765,1,1,7.055799008624074e-05,3.2163896178822684,0.07725892600710305,2.709607573184414,6.604306901358828e-16,2.97431541,2.9743154100000013
4,34,Cs,Br,0,-1,0,4.206317191597293,12,6,0,10,0.6918673786849375,1.5395359999999982,2.17,1.875,1.5395359999999982,0.10287100000000038,4374.671753640867,7747.655213608895,0.0043587089970948956,0.21483685414162496,3.3922747744954303e-25,2.2830605964378225e-25,0.19999999999999976,0.10000000000000002,0.0,1.0,0.0,0.0,0.05803234576211552,0.2802097784279304,0.0410350652165542,0.1981382344811695,0.13944012172746245,0.7205476471069132,0.023581103012177362,0.0019332065982558414,5.776624844370643,0.00011314831839241123,2.3948745784882225e-13,0.9622504486493765,1,1,0.00020428805755397597,3.8145452948861136,1.279753707587522,1.226612798524925,1.3208613802717656e-15,2.97431541,2.974315410000001
4,22,Cs,Br,0,-1,0,4.206317191597293,12,6,0,10,0.6918673786849375,1.5395359999999982,2.17,1.875,1.5395359999999982,0.10287100000000038,4374.6717536409815,7747.655213608838,0.0043587089970948956,0.21483685414162496,3.4002150490152087e-25,2.2870307336977116e-25,0.19999999999999965,0.09999999999999996,0.0,1.0,0.0,0.0,0.05803234576234473,0.28020977842781575,0.04103506521671629,0.19813823448108844,0.13944012172745845,0.7205476471069152,0.0237806712145413,0.0023401707407761023,5.7711998379867,0.00010386277104088831,2.394874578488222e-13,0.9622504486493764,1,1,7.055799008605547e-05,1.6287423776438539,3.6790927721503355,1.2266127985249249,4.953230176019121e-16,1.8811222350675112,3.762244470135023
4,39,Cs,Br,0,-1,-1,4.206317191597293,12,6,0,10,0.6918673786849375,1.5395359999999982,2.17,1.875,1.5395359999999982,0.10287100000000038,4374.671753642159,7747.655213608248,0.004357260966259907,0.21483757815704246,3.3446812356819687e-25,2.2592638270310914e-25,0.19999999999999987,0.10000000000000007,0.0,1.0,0.0,0.0,0.3092259513089881,0.15461297565449406,0.2186557670894466,0.1093278835447233,0.13944012172746145,0.7205476471069137,0.02378067121454212,0.0021406026077477945,5.771199837986786,0.00010249926028011801,3.890660013571432e-13,0.9622504486493764,1,4,3.548482757038835e-16,1.5876472402384136,3.6018338461432333,1.4829947746594887,8.881784197001264e-16,4.026867413500026,1.2155011930963078
5,30,Cs,Br,0,0,0,4.206317191597292,12,6,0,10,0.6918673786849375,1.5395359999999982,2.17,1.875,1.5395359999999982,0.10287100000000038,4374.671753650667,7747.655213612519,0.0043627331273476955,0.21484031423758385,3.3544204186513436e-25,2.243461944991245e-25,0.19999999999999957,0.10000000000000023,0.0,1.0,0.0,0.0,0.2186557670894552,0.1093278835447276,0.1546129756545001,0.07730648782725005,0.13944012172746312,0.7205476471069132,0.0237806712145414,0.0021406026077502587,5.771199837986671,0.00010249926028015653,3.572160000233642e-13,0.9622504486493763,1,2,2.410874753520076e-16,3.0266938067367626,0.828092049770407,2.801159130377155,2.2204460492503104e-16,4.080727076660487,1.0201817691651205
5,19,Cs,Br,0,0,0,4.206317191597292,12,6,0,10,0.6918673786849375,1.5395359999999982,2.17,1.875,1.5395359999999982,0.10287100000000038,4374.671753650961,7747.655213612372,0.004362733127347501,0.21484031423758393,3.397542311209554e-25,2.26502289127035e-25,0.19999999999999946,0.10000000000000017,0.0,1.0,0.0,0.0,0.2186557670894552,0.1093278835447276,0.1546129756545001,0.07730648782725005,0.13944012172746323,0.7205476471069132,0.023780671214542498,0.0021406026077453043,5.771199837986606,0.00010249926028013776,4.444769545243226e-14,0.9622504486493765,1,2,2.433632405882566e-16,0.22019477770665732,3.467378021106331,2.3710563542325165,1.4347352450538869e-15,3.412341950052914,2.45947692248494
5,29,Cs,Br,0,0,0,4.206317191597292,12,6,0,10,0.6918673786849375,1.5395359999999982,2.17,1.875,1.5395359999999982,0.10287100000000038,4374.671753650536,7747.655213612585,0.004364181158178382,0.2148395902221685,3.4063381507785406e-25,2.2694208110548434e-25,0.19999999999999946,0.10000000000000017,0.0,1.0,0.0,0.0,0.03253783845756833,0.23492468631823937,0.023007726218499003,0.1661168387637496,0.13944012172746167,0.720547647106914,0.023780671214542554,0.002340170740771943,5.771199837986678,0.00010386277104094068,3.5443994278531906e-13,0.9622504486493763,1,1,7.055799008603838e-05,3.24688858444342,2.639285971335924,0.4301027761446389,0.0,3.578107119217318,2.2113918150642755
5,31,Cs,Br,0,0,0,4.206317191597292,12,6,0,10,0.6918673786849375,1.5395359999999982,2.17,1.875,1.5395359999999982,0.10287100000000038,4374.671753650945,7747.655213612379,0.004362733127345392,0.21484031423758498,3.39954459614493e-25,2.2660240337380383e-25,0.19999999999999957,0.10000000000000023,0.0,1.0,0.0,0.0,0.2186557670894552,0.1093278835447276,0.1546129756545001,0.07730648782725005,0.139440121727465,0.7205476471069123,0.023780671214543695,0.0021406026077407984,5.771199837986537,0.00010249926028012533,4.4447695452432405e-14,0.9622504486493764,1,2,3.052430101477558e-16,0.35427350215073805,2.3505225561622822,3.4702504686222744,5.123380775184843e-17,1.7841321351539732,3.809196351021808
5,17,Cs,Br,0,0,0,4.206317191597292,12,6,0,10,0.6918673786849375,1.5395359999999982,2.17,1.875,1.5395359999999982,0.10287100000000038,4374.671753650503,7747.655213612601,0.004364181158177494,0.21483959022216895,3.423807734538814e-25,2.27815560293498e-25,0.19999999999999934,0.10000000000000012,0.0,1.0,0.0,0.0,0.032537838457171314,0.23492468631804087,0.023007726218218283,0.16611683876360925,0.1394401217274619,0.7205476471069139,0.02378067121454359,0.002340170740768067,5.771199837986619,0.00010386277104091046,3.5443994278531876e-13,0.9622504486493763,1,2,7.055799008620509e-05,2.672420304586024,3.17861460593269,0.6690913382451193,0.0,2.9743154099999995,2.9743154099999995
5,20,Cs,Br,0,0,0,4.206317191597292,12,6,0,10,0.6918673786849375,1.5395359999999982,2.17,1.875,1.5395359999999982,0.10287100000000038,4374.671753650536,7747.655213612585,0.00436418115818038,0.2148395902221675,3.4449748282816767e-25,2.2887391498064114e-25,0.19999999999999946,0.10000000000000017,0.0,1.0,0.0,0.0,0.0325378384575635,0.23492468631823693,0.02300772621849559,0.1661168387637479,0.13944012172746167,0.720547647106914,0.023780671214543855,0.002340170740764546,5.7711998379865825,0.00010386277104092088,3.5443994278531876e-13,0.9622504486493763,1,1,7.055799008629712e-05,3.246888584443421,2.6392859713359234,0.4301027761446387,0.0,2.9743154099999995,2.97431541
5,33,Cs,Br,0,0,0,4.206317191597292,12,6,0,10,0.6918673786849375,1.5395359999999982,2.17,1.875,1.5395359999999982,0.10287100000000038,4374.671753650699,7747.655213612503,0.004362733127346002,0.2148403142375847,3.357306674269385e-25,2.2449050728002653e-25,0.19999999999999957,0.10000000000000023,0.0,1.0,0.0,0.0,0.2186557670894552,0.1093278835447276,0.1546129756545001,0.07730648782725005,0.1394401217274629,0.7205476471069134,0.023780671214541995,0.0021406026077464536,5.771199837986505,0.00010249926028009523,3.572160000233642e-13,0.9622504486493763,1,2,1.185779361440318e-16,2.892615082292682,0.28876341517364046,3.040147692477636,3.2982740700551906e-31,2.974315409999999,2.9743154100000004
5,36,Cs,Br,0,-1,0,4.206317191597293,12,6,0,10,0.6918673786849375,1.5395359999999982,2.17,1.875,1.5395359999999982,0.10287100000000038,4374.6717536507485,7747.655213612477,0.0043627331273450864,0.21484031423758515,3.3562887550324325e-25,2.2443961131817893e-25,0.19999999999999957,0.10000000000000023,0.0,1.0,0.0,0.0,0.2186557670894552,0.1093278835447276,0.1546129756545001,0.07730648782725005,0.139440121727462,0.7205476471069139,0.023780671214542005,0.002140602607748315,5.771199837986591,0.00010249926028013206,3.572160000233646e-13,0.9622504486493763,1,2,1.6741996426683758e-16,2.8926150822926813,0.2887634151736408,3.0401476924776376,1.9721522630525295e-31,2.9743154099999995,2.9743154100000013
5,32,Cs,Br,0,0,0,4.206317191597292,12,6,0,10,0.6918673786849375,1.5395359999999982,2.17,1.875,1.5395359999999982,0.10287100000000038,4374.6717536505685,7747.655213612568,0.004364181158180602,0.2148395902221674,3.432798521748778e-25,2.282650996539962e-25,0.19999999999999957,0.10000000000000023,0.0,1.0,0.0,0.0,0.0325378384572749,0.23492468631809266,0.023007726218291502,0.16611683876364586,0.13944012172746145,0.7205476471069141,0.02378067121454188,0.0023401707407724325,5.771199837986621,0.00010386277104097464,3.5443994278531906e-13,0.9622504486493764,1,2,7.055799008617945e-05,2.6724203045860246,3.1786146059326903,0.6690913382451195,6.604306901358825e-16,2.97431541,2.97431541
5,37,Cs,Br,0,-1,0,4.206317191597293,12,6,0,10,0.6918673786849375,1.5395359999999982,2.17,1.875,1.5395359999999982,0.10287100000000038,4374.671753650928,7747.655213612388,0.004362733127344587,0.2148403142375854,3.4104928539239366e-25,2.271498162627541e-25,0.19999999999999957,0.10000000000000023,0.0,1.0,0.0,0.0,0.2186557670894552,0.1093278835447276,0.1546129756545001,0.07730648782725005,0.139440121727461,0.7205476471069143,0.02378067121454294,0.002140602607741554,5.771199837986693,0.00010249926028015998,4.4447695452432405e-14,0.9622504486493764,1,2,3.6950250309021615e-16,0.22019477770665735,3.467378021106332,2.3710563542325183,3.302153450679411e-16,3.990462865971096,1.3301542886570312
5,25,Cs,Br,0,-1,0,4.206317191597293,12,6,0,10,0.6918673786849375,1.5395359999999982,2.17,1.875,1.5395359999999982,0.10287100000000038,4374.671753650945,7747.655213612379,0.004362733127344504,0.21484031423758543,3.399544596144369e-25,2.2660240337377573e-25,0.19999999999999946,0.10000000000000017,0.0,1.0,0.0,0.0,0.2186557670894552,0.1093278835447276,0.1546129756545001,0.07730648782725005,0.13944012172746523,0.7205476471069122,0.023780671214542623,0.0021406026077443246,5.7711998379865985,0.00010249926028012994,4.444769545243226e-14,0.9622504486493763,1,2,1.7286351391745448e-16,0.354273502150739,2.3505225561622822,3.470250468622276,3.814491528197904e-16,1.609687900496737,3.8861303605670963
5,39,Cs,Br,0,-1,0,4.206317191597294,12,6,0,10,0.6918673786849375,1.5395359999999982,2.17,1.875,1.5395359999999982,0.10287100000000038,4374.671753650683,7747.65521361251,0.0043627331273451975,0.2148403142375851,3.365352709206503e-25,2.2489280902688245e-25,0.19999999999999957,0.10000000000000023,0.0,1.0,0.0,0.0,0.2186557670894552,0.1093278835447276,0.1546129756545001,0.07730648782725005,0.1394401217274619,0.7205476471069139,0.023780671214542186,0.0021406026077469037,5.771199837986663,0.00010249926028012235,3.5721600002336465e-13,0.9622504486493764,1,2,1.335501079926407e-16,3.026693806736764,0.8280920497704073,2.801159130377157,8.881784197001246e-16,1.215501193096307,4.026867413500026
6,36,Cs,Br,0,0,0,4.206317191597292,12,6,0,10,0.6918673786849375,1.5395359999999982,2.17,1.875,1.5395359999999982,0.10287100000000038,4374.671753642305,7747.6552136082555,0.004362733127341006,0.2148403142375831,3.352794925272527e-25,2.246143028061742e-25,0.1999999999999997,0.10000000000000016,0.0,1.0,0.0,0.0,0.2186557670896547,0.10932788354482735,0.1546129756546412,0.0773064878273206,0.13944012172746167,0.7205476471069137,0.023780671214542536,0.0021406026077450857,5.7711998379865115,0.00010249926028007997,3.3400091507276987e-13,0.9622504486493761,1,2,4.540979911574176e-16,2.9826229800059703,0.8729730846301766,2.834604464291008,6.902532920683853e-31,2.9743154099999995,2.97431541
6,22,Cs,Br,0,0,0,4.206317191597292,12,6,0,10,0.6918673786849375,1.5395359999999982,2.17,1.875,1.5395359999999982,0.10287100000000038,4374.6717536410615,7747.655213608878,0.004364181158176106,0.21483959022216556,3.4173926927798377e-25,2.2784419118153974e-25,0.19999999999999948,0.10000000000000005,0.0,1.0,0.0,0.0,0.03253783845698868,0.23492468631814906,0.02300772621808911,0.16611683876368574,0.13944012172745857,0.7205476471069152,0.02358110301217805,0.0019332065982525589,5.776624844370391,0.00011314831839244878,1.8036825116455544e-13,0.962250448649376,1,1,0.00020428805755403492,3.9176856187979228,1.424129798488902,0.5627592963664197,1.310744329507972e-16,3.7622444701350206,1.8811222350675116
6,23,Cs,Br,0,0,0,4.206317191597292,12,6,0,10,0.6918673786849375,1.5395359999999982,2.17,1.875,1.5395359999999982,0.10287100000000038,4374.671753642272,7747.655213608272,0.004362733127339119,0.21484031423758404,3.3732713054313735e-25,2.256381218141165e-25,0.1999999999999996,0.1000000000000001,0.0,1.0,0.0,0.0,0.2186557670896547,0.10932788354482735,0.1546129756546412,0.0773064878273206,0.13944012172746256,0.7205476471069132,0.02378067121454308,0.002140602607742515,5.771199837986565,0.00010249926028009175,3.3850356364426423e-13,0.9622504486493763,1,2,2.0097842135391347e-16,1.5053942858772034,3.049047827326251,2.475924010758864,4.440892098500628e-16,2.9743154099999995,2.974315409999999
6,30,Cs,Br,0,0,0,4.206317191597292,12,6,0,10,0.6918673786849375,1.5395359999999982,2.17,1.875,1.5395359999999982,0.10287100000000038,4374.671753642223,7747.655213608297,0.004362733127343615,0.21484031423758182,3.3509265888914384e-25,2.2452088598711977e-25,0.1999999999999997,0.10000000000000016,0.0,1.0,0.0,0.0,0.2186557670896547,0.10932788354482735,0.1546129756546412,0.0773064878273206,0.13944012172746278,0.7205476471069131,0.023780671214541655,0.002140602607748614,5.771199837986651,0.00010249926028013815,3.340009150727696e-13,0.9622504486493761,1,2,9.657200224086638e-17,2.412291332920719,1.624918028837349,3.0386833071252837,6.661338147750942e-16,4.080727076660487,1.0201817691651205
6,28,Cs,Br,0,0,0,4.206317191597292,12,6,0,10,0.6918673786849375,1.5395359999999982,2.17,1.875,1.5395359999999982,0.10287100000000038,4374.671753640963,7747.655213608927,0.004364181158175606,0.2148395902221658,3.4172121113525744e-25,2.2783516211017655e-25,0.1999999999999997,0.10000000000000016,0.0,1.0,0.0,0.0,0.03253783845754307,0.23492468631842622,0.0230077262184811,0.16611683876388172,0.13944012172745834,0.7205476471069153,0.02358110301217806,0.0019332065982519935,5.776624844370457,0.00011314831839240906,1.8036825116455549e-13,0.962250448649376,1,1,0.00020428805755382638,3.917685618797922,1.424129798488902,0.5627592963664197,2.961821054847683e-16,3.578107119217319,2.2113918150642746
6,16,Cs,Br,0,0,0,4.206317191597292,12,6,0,10,0.6918673786849375,1.5395359999999982,2.17,1.875,1.5395359999999982,0.10287100000000038,4374.67175364098,7747.6552136089185,0.0043641811581734136,0.21483959022216692,3.4332787305030945e-25,2.2863849306770256e-25,0.19999999999999948,0.10000000000000005,0.0,1.0,0.0,0.0,0.03253783845764949,0.23492468631847946,0.0230077262185564,0.1661168387639194,0.13944012172746112,0.7205476471069139,0.02358110301217795,0.0019332065982521525,5.776624844370473,0.00011314831839239082,1.8036825116455529e-13,0.9622504486493761,1,2,0.00020428805755376504,1.4772286941287665,3.9220209119564275,0.3586804535321438,8.25538362669853e-16,2.6645352591003757e-15,4.206317191597292
6,35,Cs,Br,0,0,0,4.206317191597293,12,6,0,10,0.6918673786849375,1.5395359999999982,2.17,1.875,1.5395359999999982,0.10287100000000038,4374.671753642207,7747.655213608305,0.004362733127342727,0.21484031423758226,3.3764073075256494e-25,2.257949219188303e-25,0.1999999999999998,0.1000000000000002,0.0,1.0,0.0,0.0,0.2186557670896547,0.10932788354482735,0.1546129756546412,0.0773064878273206,0.1394401217274619,0.7205476471069135,0.0237806712145422,0.00214060260774732,5.771199837986558,0.00010249926028013007,3.3850356364426464e-13,0.962250448649376,1,2,8.604637910984318e-17,0.9350626387919527,2.2971028831190794,3.397363760657428,8.881784197001241e-16,2.9743154099999995,2.974315410000001
6,34,Cs,Br,0,0,0,4.206317191597293,12,6,0,10,0.6918673786849375,1.5395359999999982,2.17,1.875,1.5395359999999982,0.10287100000000038,4374.671753640947,7747.655213608935,0.004364181158176106,0.21483959022216556,3.4094524182600593e-25,2.2744717745555077e-25,0.1999999999999996,0.1000000000000001,0.0,1.0,0.0,0.0,0.03253783845721789,0.23492468631826363,0.0230077262182512,0.1661168387637668,0.13944012172746256,0.7205476471069132,0.023780671214542304,0.002340170740772807,5.771199837986644,0.00010386277104091544,1.8036825116455549e-13,0.9622504486493764,1,2,7.055799008621502e-05,1.4772286941287667,3.9220209119564284,0.3586804535321439,9.566127956206502e-16,2.974315410000001,2.9743154099999995
6,38,Cs,Br,0,0,-1,4.206317191597293,12,6,0,10,0.6918673786849375,1.5395359999999982,2.17,1.875,1.5395359999999982,0.10287100000000038,4374.671753642239,7747.655213608288,0.004362733127341117,0.21484031423758304,3.3854729478352897e-25,2.262482039343123e-25,0.1999999999999999,0.10000000000000026,0.0,1.0,0.0,0.0,0.2186557670896547,0.10932788354482735,0.1546129756546412,0.0773064878273206,0.13944012172746145,0.7205476471069138,0.02378067121454235,0.0021406026077457237,5.7711998379866385,0.00010249926028015628,3.385035636442646e-13,0.9622504486493764,1,2,1.3316996856899888e-16,1.505394285877204,3.0490478273262527,2.475924010758866,7.628983056395836e-16,4.025832644961596,1.2189240464805289
6,26,Cs,Br,0,0,-1,4.206317191597293,12,6,0,10,0.6918673786849375,1.5395359999999982,2.17,1.875,1.5395359999999982,0.10287100000000038,4374.671753642256,7747.655213608281,0.004362733127343726,0.21484031423758176,3.376270880976992e-25,2.257881005913974e-25,0.1999999999999996,0.1000000000000001,0.0,1.0,0.0,0.0,0.2186557670896547,0.10932788354482735,0.1546129756546412,0.0773064878273206,0.13944012172746212,0.7205476471069134,0.023780671214542352,0.0021406026077455255,5.771199837986621,0.00010249926028015762,3.3850356364426433e-13,0.9622504486493763,1,2,1.4647024204830524e-16,0.9350626387919521,2.2971028831190776,3.39736376065743,1.104519899985946e-15,2.97431541,2.9743154100000013
6,33,Cs,Br,0,0,-1,4.206317191597293,12,6,0,10,0.6918673786849375,1.5395359999999982,2.17,1.875,1.5395359999999982,0.10287100000000038,4374.671753642256,7747.655213608281,0.004362733127341922,0.21484031423758265,3.3538128445094797e-25,2.246651987680218e-25,0.1999999999999997,0.10000000000000016,0.0,1.0,0.0,0.0,0.2186557670896547,0.10932788354482735,0.1546129756546412,0.0773064878273206,0.13944012172746256,0.7205476471069132,0.023780671214542325,0.0021406026077455532,5.771199837986596,0.00010249926028016031,3.340009150727697e-13,0.9622504486493761,1,2,2.1703697559704558e-16,2.9826229800059703,0.8729730846301755,2.83460446429101,8.881784197001249e-16,2.974315409999999,2.974315410000002
6,39,Cs,Br,0,0,-1,4.206317191597292,12,6,0,10,0.6918673786849375,1.5395359999999982,2.17,1.875,1.5395359999999982,0.10287100000000038,4374.671753642239,7747.655213608288,0.004362733127341117,0.21484031423758304,3.3618588794465977e-25,2.250675005148777e-25,0.1999999999999997,0.10000000000000016,0.0,1.0,0.0,0.0,0.2186557670896547,0.10932788354482735,0.1546129756546412,0.0773064878273206,0.13944012172746156,0.7205476471069137,0.02378067121454278,0.002140602607746862,5.771199837986681,0.00010249926028011687,3.3400091507276987e-13,0.9622504486493764,1,2,1.557014208053246e-16,2.4122913329207187,1.6249180288373501,3.038683307125286,8.881784197001254e-16,1.2155011930963056,4.026867413500027
7,26,Cs,Br,0,0,0,4.206317191597292,12,6,0,10,0.6918673786849375,1.5395359999999982,2.17,1.875,1.5395359999999982,0.10287100000000038,4374.6717536499955,7747.65521361215,0.004368174710731421,0.2148430350292756,3.388477232362045e-25,2.251777830221448e-25,0.19999999999999984,0.09999999999999998,0.0,1.0,0.0,0.0,0.0,0.0,0.0,0.0,0.139440121727462,0.7205476471069134,0.023780671214542543,0.00214060260774648,5.771199837986637,0.00010249926028010755,3.953319551977345e-13,0.9622504486493765,1,2,2.3681183808428207e-16,2.5935353176407085,2.929065694111613,1.54507379501941,2.163414802858193e-16,2.974315409999999,2.9743154099999995
7,30,Cs,Br,0,0,0,4.206317191597292,12,6,0,10,0.6918673786849375,1.5395359999999982,2.17,1.875,1.5395359999999982,0.10287100000000038,4374.671753649963,7747.655213612166,0.00436817471073131,0.21484303502927565,3.3631329402764915e-25,2.239105684178671e-25,0.19999999999999996,0.10000000000000003,0.0,1.0,0.0,0.0,0.0,0.0,0.0,0.0,0.13944012172746267,0.720547647106913,0.02378067121454223,0.0021406026077475165,5.771199837986693,0.00010249926028014727,3.823535336522753e-13,0.9622504486493761,1,4,7.443884316087494e-17,2.8250896800244907,1.032293451173492,2.9404664335459376,1.1102230246251563e-15,1.0201817691651207,4.080727076660489
7,33,Cs,Br,0,0,0,4.206317191597292,12,6,0,10,0.6918673786849375,1.5395359999999982,2.17,1.875,1.5395359999999982,0.10287100000000038,4374.6717536499955,7747.65521361215,0.0043681747107296165,0.21484303502927649,3.3660191958945327e-25,2.2405488119876916e-25,0.19999999999999996,0.10000000000000003,0.0,1.0,0.0,0.0,0.0,0.0,0.0,0.0,0.13944012172746245,0.7205476471069132,0.023780671214543046,0.0021406026077438224,5.77119983798659,0.00010249926028010568,3.823535336522754e-13,0.9622504486493761,1,2,1.4810986162083262e-16,1.500659214146323,3.0277846699934683,2.5047247815832376,8.881784197001251e-16,2.97431541,2.9743154099999987
7,31,Cs,Br,0,0,0,4.206317191597292,12,6,0,10,0.6918673786849375,1.5395359999999982,2.17,1.875,1.5395359999999982,0.10287100000000038,4374.671753650241,7747.655213612028,0.004368174710729006,0.21484303502927682,3.408257117770078e-25,2.261667772925464e-25,0.19999999999999996,0.10000000000000003,0.0,1.0,0.0,0.0,0.0,0.0,0.0,0.0,0.13944012172746456,0.7205476471069121,0.023780671214541815,0.0021406026077484684,5.771199837986624,0.00010249926028016634,3.299591060354168e-13,0.9622504486493761,1,2,1.2336618145937388e-16,4.094194531787031,0.09871897588185585,0.9596509865638276,5.1233807751850205e-17,3.8091963510218076,1.7841321351539727
7,23,Cs,Br,0,0,0,4.206317191597292,12,6,0,10,0.6918673786849375,1.5395359999999982,2.17,1.875,1.5395359999999982,0.10287100000000038,4374.671753650012,7747.655213612143,0.004368174710726813,0.2148430350292779,3.3854776568164266e-25,2.2502780424486385e-25,0.19999999999999984,0.09999999999999998,0.0,1.0,0.0,0.0,0.0,0.0,0.0,0.0,0.13944012172746245,0.7205476471069132,0.02378067121454306,0.0021406026077434156,5.771199837986641,0.00010249926028014047,3.9533195519773423e-13,0.9622504486493763,1,4,1.8387208606350893e-16,1.269104851762541,0.9335744752916363,3.9001174201097655,4.440892098500628e-16,2.9743154099999995,2.97431541
7,36,Cs,Br,0,0,0,4.206317191597292,12,6,0,10,0.6918673786849375,1.5395359999999982,2.17,1.875,1.5395359999999982,0.10287100000000038,4374.671753650045,7747.655213612126,0.0043681747107287006,0.21484303502927696,3.3650012766575807e-25,2.240039852369215e-25,0.19999999999999996,0.10000000000000003,0.0,1.0,0.0,0.0,0.0,0.0,0.0,0.0,0.13944012172746156,0.7205476471069137,0.02378067121454352,0.0021406026077422265,5.771199837986581,0.00010249926028013866,3.8235353365227543e-13,0.9622504486493763,1,2,3.195314541274519e-16,1.500659214146323,3.0277846699934696,2.5047247815832376,6.902532920683853e-31,2.9743154099999995,2.97431541
7,25,Cs,Br,0,0,0,4.206317191597292,12,6,0,10,0.6918673786849375,1.5395359999999982,2.17,1.875,1.5395359999999982,0.10287100000000038,4374.671753650241,7747.655213612028,0.004368174710728118,0.21484303502927726,3.4082571177695167e-25,2.2616677729251836e-25,0.19999999999999984,0.09999999999999998,0.0,1.0,0.0,0.0,0.0,0.0,0.0,0.0,0.13944012172746478,0.720547647106912,0.02378067121454176,0.0021406026077485686,5.771199837986623,0.00010249926028012643,3.299591060354166e-13,0.9622504486493763,1,2,1.2360465160456197e-16,4.094194531787032,0.0987189758818563,0.9596509865638275,1.2696275725199161e-15,3.886130360567095,1.609687900496736
7,39,Cs,Br,0,0,0,4.206317191597293,12,6,0,10,0.6918673786849375,1.5395359999999982,2.17,1.875,1.5395359999999982,0.10287100000000038,4374.671753649979,7747.655213612159,0.004368174710728812,0.2148430350292769,3.374065230831651e-25,2.2445718294562504e-25,0.19999999999999996,0.10000000000000003,0.0,1.0,0.0,0.0,0.0,0.0,0.0,0.0,0.13944012172746145,0.7205476471069137,0.023780671214542935,0.0021406026077465394,5.771199837986653,0.00010249926028015277,3.8235353365227543e-13,0.9622504486493764,1,4,5.25877318602047e-17,2.825089680024491,1.0322934511734925,2.9404664335459385,8.881784197001258e-16,4.0268674135000255,1.215501193096308
7,37,Cs,Br,0,0,0,4.206317191597293,12,6,0,10,0.6918673786849375,1.5395359999999982,2.17,1.875,1.5395359999999982,0.10287100000000038,4374.671753650224,7747.655213612036,0.004368174710728201,0.2148430350292772,3.4192053755490844e-25,2.2671419018149675e-25,0.19999999999999996,0.10000000000000003,0.0,1.0,0.0,0.0,0.0,0.0,0.0,0.0,0.13944012172746056,0.7205476471069141,0.023780671214542706,0.0021406026077447353,5.771199837986614,0.00010249926028014749,3.2995910603541653e-13,0.9622504486493765,1,4,2.8375378084053567e-16,0.2315543623837817,3.9613591452851065,1.395392638526527,9.906460352038239e-16,1.3301542886570321,3.990462865971095
7,19,Cs,Br,0,0,0,4.206317191597292,12,6,0,10,0.6918673786849375,1.5395359999999982,2.17,1.875,1.5395359999999982,0.10287100000000038,4374.671753650257,7747.655213612019,0.004368174710731115,0.21484303502927576,3.4062548328347024e-25,2.260666630457776e-25,0.19999999999999984,0.09999999999999998,0.0,1.0,0.0,0.0,0.0,0.0,0.0,0.0,0.13944012172746278,0.720547647106913,0.02378067121454125,0.0021406026077519643,5.771199837986712,0.0001024992602801451,3.2995910603541643e-13,0.9622504486493763,1,4,1.291048898601815e-17,0.2315543623837821,3.961359145285105,1.3953926385265274,1.4347352450538857e-15,2.4594769224849395,3.4123419500529155
7,35,Cs,Br,0,0,0,4.206317191597293,12,6,0,10,0.6918673786849375,1.5395359999999982,2.17,1.875,1.5395359999999982,0.10287100000000038,4374.671753649946,7747.655213612175,0.004368174710730421,0.2148430350292761,3.388613658910703e-25,2.251846043495776e-25,0.20000000000000004,0.10000000000000007,0.0,1.0,0.0,0.0,0.0,0.0,0.0,0.0,0.13944012172746179,0.7205476471069134,0.02378067121454352,0.0021406026077434408,5.771199837986628,0.00010249926028014745,3.9533195519773454e-13,0.9622504486493761,1,2,1.6132138136073874e-16,2.5935353176407094,2.929065694111614,1.54507379501941,8.881784197001241e-16,2.9743154099999995,2.974315410000001
7,38,Cs,Br,0,0,0,4.206317191597294,12,6,0,10,0.6918673786849375,1.5395359999999982,2.17,1.875,1.5395359999999982,0.10287100000000038,4374.671753649979,7747.655213612159,0.004368174710728812,0.2148430350292769,3.397679299220343e-25,2.2563788636505966e-25,0.20000000000000015,0.10000000000000013,0.0,1.0,0.0,0.0,0.0,0.0,0.0,0.0,0.13944012172746134,0.7205476471069137,0.023780671214541704,0.0021406026077512787,5.771199837986598,0.00010249926028009915,3.953319551977348e-13,0.9622504486493764,1,4,2.929358450737369e-16,1.2691048517625414,0.933574475291637,3.9001174201097664,2.5392551450398302e-15,1.2189240464805289,4.0258326449615955
8,23,Pb,Br,0,0,0,2.9743154099999995,6,6,0,4,0.09446106116086384,1.793848000000004,1.16,2.38,1.793848000000004,0.2300270000000033,12592.309461332112,11856.474067453191,0.052984871355604285,0.18616651199611234,1.7582049933435366e-24,1.2734041837574533e-24,0.1999999999999998,0.1,0.0,1.0,0.0,0.0,0.0,0.0,0.0,0.0,0.5476415977123407,0.3770067873870116,0.22890569041184877,0.014625143294087005,1.8098178722803413,0.0005891523850097346,7.390286590871825e-14,0.9622504486493763,1,8,7.56504073860065e-16,2.7668326674798047,0.9469706270275843,0.5426193692424213,2.9743154099999995,3.302153450679413e-16,8.881784197001252e-16
8,19,Pb,Br,0,0,0,2.974315409999999,6,6,0,4,0.09446106116086384,1.793848000000004,1.16,2.38,1.793848000000004,0.2300270000000033,12592.309461332356,11856.47406745307,0.05298487135559998,0.1861665119961102,1.756127275741709e-24,1.2744430425583672e-24,0.1999999999999998,0.1,0.0,1.0,0.0,0.0,0.0,0.0,0.0,0.0,0.5476415977123403,0.37700678738701143,0.22890569041184614,0.014625143294107905,1.8098178722804166,0.0005891523850096801,4.674027637711181e-14,0.9622504486493763,1,8,6.281529669195136e-16,0.5133828845049757,0.17570940149688508,2.9244001741017627,2.974315409999999,1.3208613802717646e-15,2.0638459066746322e-16
8,30,Pb,Br,0,0,0,2.97431541,6,6,0,4,0.09446106116086384,1.793848000000004,1.16,2.38,1.793848000000004,0.2300270000000033,12592.30946133206,11856.474067453217,0.05298487135559979,0.18616651199611012,1.76043946499753e-24,1.2722869479304566e-24,0.1999999999999999,0.10000000000000006,0.0,1.0,0.0,0.0,0.0,0.0,0.0,0.0,0.5476415977123404,0.3770067873870115,0.22890569041183828,0.014625143294125644,1.8098178722803826,0.000589152385010018,7.390286590871825e-14,0.9622504486493763,1,8,8.263587573799228e-16,0.963134031289212,2.81405845638218,0.0,2.97431541,6.473657049138937e-16,6.473657049138937e-16
8,18,Pb,Br,0,0,0,2.9743154099999995,6,6,0,4,0.09446106116086384,1.793848000000004,1.16,2.38,1.793848000000004,0.2300270000000033,12592.309461331752,11856.474067453371,0.05298342332476588,0.18616578798069316,1.7557352734426656e-24,1.2746390437078888e-24,0.19999999999999968,0.09999999999999995,0.0,1.0,0.0,0.0,0.2511936055471412,0.1255968027735706,0.1776207018730823,0.08881035093654115,0.547641597712342,0.37700678738701227,0.22890569041183528,0.014625143294119618,1.809817872280417,0.0005891523850095681,7.390286590871824e-14,0.9622504486493763,1,8,7.791430538817949e-16,0.9631340312892119,2.8140584563821798,4.3663646371728873e-16,2.9743154099999995,1.082455238977408e-15,4.325886678385577e-16
8,17,Pb,Br,0,0,0,2.9743154099999995,6,6,0,4,0.09446106116086384,1.793848000000004,1.16,2.38,1.793848000000004,0.2300270000000033,12592.309461331897,11856.474067453299,0.05298342332476999,0.18616578798069522,1.7535007334087828e-24,1.2757563137248302e-24,0.19999999999999968,0.09999999999999995,0.0,1.0,0.0,0.0,0.2511936055466265,0.12559680277331325,0.1776207018727184,0.0888103509363592,0.5476415977123417,0.3770067873870121,0.22890569041185124,0.014625143294093918,1.80981787228026,0.0005891523850094805,7.390286590871824e-14,0.9622504486493763,1,8,1.6780522072539509e-15,2.7668326674798047,0.9469706270275843,0.5426193692424217,2.9743154099999995,4.440892098500626e-16,4.440892098500626e-16
8,16,Pb,Br,0,0,0,2.9743154099999995,6,6,0,4,0.09446106116086384,1.793848000000004,1.16,2.38,1.793848000000004,0.2300270000000033,12592.309461330819,11856.474067453837,0.05298342332476999,0.18616578798069522,1.7522042508363645e-24,1.2764045550110394e-24,0.19999999999999968,0.09999999999999995,0.0,1.0,0.0,0.0,0.2511936055473042,0.1255968027736521,0.1776207018731976,0.0888103509365988,0.5476415977123421,0.3770067873870123,0.228905690411849,0.01462514329409586,1.809817872280287,0.0005891523850098153,4.6740276377111787e-14,0.9622504486493765,1,8,2.872765535718119e-16,0.5133828845049758,0.1757094014968851,2.924400174101763,2.97431541,2.476615088009559e-16,8.25538362669853e-16
9,26,Pb,Br,0,0,0,2.9743154099999995,6,6,0,4,0.09446106116086384,1.793848000000004,1.16,2.38,1.793848000000004,0.2300270000000033,12592.30946133198,11856.474067453144,0.05298487135559868,0.18616651199611056,1.7579050357887973e-24,1.2735541625346459e-24,0.19999999999999973,0.10000000000000003,0.0,1.0,0.0,0.0,0.0,0.0,0.0,0.0,0.5476415977123374,0.37700678738701365,0.22890569041184541,0.014625143294102382,1.8098178722797784,0.0005891523850095689,6.610073276157831e-14,0.9622504486493761,1,2,2.2511715339061683e-16,2.1031585957986456,2.1031585957986465,0.0,2.9743154099999995,8.881784197001256e-16,6.604306901358823e-16
9,19,Pb,Br,0,0,0,2.97431541,6,6,0,4,0.09446106116086384,1.793848000000004,1.16,2.38,1.793848000000004,0.2300270000000033,12592.309461332243,11856.474067453013,0.052984871355598984,0.1861665119961107,1.7561272757415318e-24,1.2744430425582787e-24,0.19999999999999973,0.10000000000000003,0.0,1.0,0.0,0.0,0.0,0.0,0.0,0.0,0.5476415977123367,0.37700678738701326,0.2289056904118441,0.014625143294106675,1.8098178722797476,0.0005891523850096741,2.524354896707238e-29,0.962250448649376,1,8,7.462115905566848e-16,0.0,0.0,2.97431541,2.97431541,1.320861380271765e-15,2.0638459066746327e-16
9,16,Pb,Br,0,0,1,2.974315410000001,6,6,0,4,0.09446106116086384,1.793848000000004,1.16,2.38,1.793848000000004,0.2300270000000033,12592.309461330706,11856.474067453782,0.05298342332476899,0.18616578798069572,1.7522042508361874e-24,1.2764045550109509e-24,0.19999999999999962,0.09999999999999998,0.0,1.0,0.0,0.0,0.2511936055473042,0.1255968027736521,0.1776207018731976,0.0888103509365988,0.5476415977123384,0.37700678738701415,0.22890569041184547,0.014625143294103464,1.8098178722798606,0.0005891523850097279,1.9956777740484888e-29,0.9622504486493761,1,8,1.240374963552889e-15,0.0,0.0,2.974315410000001,2.9743154100000013,2.47661508800956e-16,8.255383626698534e-16
9,33,Pb,Br,0,0,0,2.97431541,6,6,0,4,0.09446106116086384,1.793848000000004,1.16,2.38,1.793848000000004,0.2300270000000033,12592.30946133198,11856.474067453144,0.05298487135560048,0.18616651199611145,1.7601508394355488e-24,1.2724312607112702e-24,0.19999999999999984,0.10000000000000009,0.0,1.0,0.0,0.0,0.0,0.0,0.0,0.0,0.547641597712337,0.37700678738701343,0.2289056904118443,0.014625143294111041,1.8098178722797407,0.0005891523850095515,6.610073276157831e-14,0.962250448649376,1,2,1.6627616030533624e-15,2.103158595798646,2.103158595798646,0.0,2.97431541,8.881784197001251e-16,0.0
9,20,Pb,Br,0,0,0,2.9743154099999995,6,6,0,4,0.09446106116086384,1.793848000000004,1.16,2.38,1.793848000000004,0.2300270000000033,12592.309461331817,11856.474067453226,0.052983423324766105,0.18616578798069428,1.7513840240343195e-24,1.2768146684118848e-24,0.19999999999999973,0.10000000000000003,0.0,1.0,0.0,0.0,0.2511936055470187,0.12559680277350935,0.1776207018729957,0.08881035093649785,0.5476415977123382,0.37700678738701404,0.22890569041185124,0.014625143294088752,1.80981787227964,0.0005891523850097394,6.610073276157831e-14,0.9622504486493763,1,2,1.793703411297524e-15,2.1031585957986456,2.1031585957986465,0.0,2.9743154099999995,4.440892098500626e-16,0.0
9,21,Pb,Br,0,0,0,2.9743154099999995,6,6,0,4,0.09446106116086384,1.793848000000004,1.16,2.38,1.793848000000004,0.2300270000000033,12592.309461331719,11856.474067453275,0.05298342332476649,0.18616578798069444,1.7536414425244464e-24,1.2756859591668214e-24,0.19999999999999973,0.10000000000000003,0.0,1.0,0.0,0.0,0.2511936055470869,0.12559680277354346,0.1776207018730439,0.08881035093652195,0.5476415977123388,0.3770067873870143,0.22890569041184558,0.014625143294099687,1.8098178722797207,0.0005891523850096288,6.610073276157831e-14,0.9622504486493761,1,2,1.495492798332173e-15,2.103158595798646,2.103158595798646,0.0,2.9743154099999995,9.566127956206504e-16,0.0
10,17,Pb,Br,0,1,0,2.974315410000001,6,6,0,4,0.09446106116086384,1.793848000000004,1.16,2.38,1.793848000000004,0.2300270000000033,12592.309461331784,11856.474067453242,0.05298342332476991,0.18616578798069525,1.7535007334085426e-24,1.2757563137247101e-24,0.19999999999999965,0.09999999999999996,0.0,1.0,0.0,0.0,0.2511936055466265,0.12559680277331325,0.1776207018727184,0.0888103509363592,0.54764159771234,0.37700678738701293,0.22890569041183764,0.014625143294119616,1.8098178722795253,0.0005891523850094189,7.390286590871825e-14,0.9622504486493765,1,8,2.9460460583727227e-16,0.03558943560424323,1.0416231394163344,2.785732719711153,2.974315410000001,4.440892098500626e-16,0.0
10,36,Pb,Br,0,0,0,2.97431541,6,6,0,4,0.09446106116086384,1.793848000000004,1.16,2.38,1.793848000000004,0.2300270000000033,12592.309461332032,11856.474067453119,0.052984871355602314,0.18616651199611145,1.760252631359181e-24,1.2723803647493909e-24,0.19999999999999987,0.10000000000000007,0.0,1.0,0.0,0.0,0.0,0.0,0.0,0.0,0.5476415977123399,0.3770067873870129,0.2289056904118415,0.014625143294117895,1.8098178722794405,0.0005891523850097501,7.39028659087183e-14,0.9622504486493763,1,2,1.8645242670651895e-15,1.3937140339339429,2.4669380471227713,0.9046159524555882,2.97431541,0.0,8.881784197001245e-16
10,25,Pb,Br,0,0,0,2.9743154099999995,6,6,0,4,0.09446106116086384,1.793848000000004,1.16,2.38,1.793848000000004,0.2300270000000033,12592.309461332228,11856.47406745302,0.0529848713556029,0.18616651199611173,1.7559270472479872e-24,1.2745431568049878e-24,0.19999999999999976,0.10000000000000002,0.0,1.0,0.0,0.0,0.0,0.0,0.0,0.0,0.5476415977123367,0.37700678738701127,0.22890569041185113,0.014625143294087616,1.8098178722794873,0.0005891523850096062,4.6740276377111825e-14,0.9622504486493763,1,2,1.4503023092829882e-15,2.6273269194853563,1.2945231034068159,0.5176054009156378,2.9743154099999995,9.906460352038237e-16,8.25538362669853e-17
10,24,Pb,Br,0,0,0,2.9743154099999995,6,6,0,4,0.09446106116086384,1.793848000000004,1.16,2.38,1.793848000000004,0.2300270000000033,12592.309461331719,11856.474067453275,0.0529834233247681,0.18616578798069433,1.753122473218633e-24,1.2759454438196649e-24,0.19999999999999965,0.09999999999999996,0.0,1.0,0.0,0.0,0.2511936055471486,0.1255968027735743,0.1776207018730876,0.0888103509365438,0.5476415977123394,0.37700678738701265,0.2289056904118523,0.01462514329408775,1.8098178722793221,0.0005891523850094726,7.390286590871824e-14,0.9622504486493763,1,2,4.593130390746586e-16,1.3937140339339422,2.4669380471227713,0.9046159524555882,2.9743154099999995,1.0824552389774094e-15,4.3258866783855774e-16
10,23,Pb,Br,0,0,0,2.97431541,6,6,0,4,0.09446106116086384,1.793848000000004,1.16,2.38,1.793848000000004,0.2300270000000033,12592.309461331999,11856.474067453135,0.0529848713556042,0.1861665119961124,1.7582049933432964e-24,1.2734041837573332e-24,0.19999999999999976,0.10000000000000002,0.0,1.0,0.0,0.0,0.0,0.0,0.0,0.0,0.547641597712339,0.37700678738701243,0.22890569041184572,0.014625143294107785,1.8098178722794018,0.0005891523850095597,7.390286590871832e-14,0.9622504486493763,1,8,6.272545033983477e-16,0.035589435604242825,1.041623139416334,2.7857327197111523,2.97431541,1.1387386478212126e-16,8.881784197001254e-16
10,22,Pb,Br,0,0,0,2.9743154099999995,6,6,0,4,0.09446106116086384,1.793848000000004,1.16,2.38,1.793848000000004,0.2300270000000033,12592.309461330788,11856.47406745374,0.052983423324767215,0.1861657879806939,1.75379285460845e-24,1.2756102531247564e-24,0.19999999999999965,0.09999999999999996,0.0,1.0,0.0,0.0,0.2511936055466434,0.1255968027733217,0.1776207018727303,0.08881035093636515,0.547641597712343,0.37700678738701443,0.22890569041184047,0.014625143294117956,1.809817872279295,0.0005891523850096655,4.674027637711181e-14,0.9622504486493763,1,2,5.486866985953599e-16,2.6273269194853563,1.2945231034068159,0.5176054009156378,2.9743154099999995,2.0638459066746325e-16,8.25538362669853e-16
11,20,Pb,Br,0,1,0,2.974315410000001,6,6,0,4,0.09446106116086384,1.793848000000004,1.16,2.38,1.793848000000004,0.2300270000000033,12592.30946133014,11856.474067452387,0.0529834233247696,0.1861657879806925,1.751384024034303e-24,1.2768146684118766e-24,0.19999999999999943,0.10000000000000019,0.0,1.0,0.0,0.0,0.2511936055470187,0.12559680277350935,0.1776207018729957,0.08881035093649785,0.547641597712339,0.37700678738701365,0.2289056904118511,0.014625143294089307,1.8098178722799718,0.0005891523850095356,1.4780573181743665e-13,0.9622504486493761,1,2,1.1753178860556068e-15,0.3715355213479414,2.032494982157038,2.139504069182073,2.974315410000001,4.440892098500626e-16,1.7763568394002505e-15
11,25,Pb,Br,0,0,0,2.974315409999999,6,6,0,4,0.09446106116086384,1.793848000000004,1.16,2.38,1.793848000000004,0.2300270000000033,12592.309461330551,11856.474067452182,0.05298487135560548,0.18616651199611045,1.755927047248034e-24,1.2745431568050111e-24,0.19999999999999943,0.10000000000000019,0.0,1.0,0.0,0.0,0.0,0.0,0.0,0.0,0.5476415977123354,0.3770067873870119,0.22890569041185388,0.014625143294082404,1.8098178722798504,0.0005891523850096127,1.869611055084475e-13,0.962250448649376,1,2,7.169884973976614e-16,1.3050474532527383,1.8209018591395294,1.9564559086021356,2.974315409999999,9.906460352038235e-16,8.255383626698529e-17
11,39,Pb,Br,0,0,0,2.97431541,6,6,0,4,0.09446106116086384,1.793848000000004,1.16,2.38,1.793848000000004,0.2300270000000033,12592.30946133029,11856.474067452313,0.052984871355604785,0.18616651199611012,1.7593462359418204e-24,1.2728335624581178e-24,0.19999999999999954,0.10000000000000024,0.0,1.0,0.0,0.0,0.0,0.0,0.0,0.0,0.5476415977123388,0.37700678738701354,0.22890569041184872,0.014625143294099852,1.8098178722798959,0.0005891523850094726,1.4780573181743665e-13,0.9622504486493764,1,2,2.39872663940252e-16,2.6467649422075086,1.1831452679414023,0.6643453723874483,2.97431541,2.0420065478196457e-15,1.9284237892309387e-15
11,26,Pb,Br,0,0,0,2.97431541,6,6,0,4,0.09446106116086384,1.793848000000004,1.16,2.38,1.793848000000004,0.2300270000000033,12592.309461330304,11856.474067452305,0.052984871355602176,0.18616651199610879,1.757905035788781e-24,1.2735541625346374e-24,0.19999999999999943,0.10000000000000019,0.0,1.0,0.0,0.0,0.0,0.0,0.0,0.0,0.5476415977123382,0.37700678738701326,0.2289056904118519,0.014625143294084026,1.8098178722798732,0.0005891523850096426,1.4780573181743675e-13,0.9622504486493763,1,2,1.3278370862020823e-15,0.37153552134794204,2.0324949821570386,2.1395040691820713,2.97431541,8.881784197001256e-16,6.604306901358824e-16
11,27,Pb,Br,0,0,0,2.9743154099999995,6,6,0,4,0.09446106116086384,1.793848000000004,1.16,2.38,1.793848000000004,0.2300270000000033,12592.309461330075,11856.47406745242,0.05298342332477188,0.18616578798069366,1.750399392192034e-24,1.277306984333011e-24,0.19999999999999943,0.10000000000000019,0.0,1.0,0.0,0.0,0.2511936055470658,0.1255968027735329,0.177620701873029,0.0888103509365145,0.5476415977123389,0.3770067873870136,0.22890569041185801,0.014625143294058719,1.809817872279734,0.0005891523850097373,1.4780573181743662e-13,0.9622504486493764,1,2,9.422735973245098e-16,2.646764942207509,1.1831452679414012,0.664345372387447,2.9743154099999995,9.566127956206502e-16,0.0
11,22,Pb,Br,0,0,1,2.974315410000001,6,6,0,4,0.09446106116086384,1.793848000000004,1.16,2.38,1.793848000000004,0.2300270000000033,12592.30946132911,11856.474067452902,0.052983423324769796,0.1861657879806926,1.7537928546084965e-24,1.2756102531247798e-24,0.19999999999999932,0.10000000000000013,0.0,1.0,0.0,0.0,0.2511936055466434,0.1255968027733217,0.1776207018727303,0.08881035093636515,0.5476415977123418,0.37700678738701504,0.22890569041183606,0.014625143294125164,1.8098178722799192,0.0005891523850095361,1.869611055084474e-13,0.962250448649376,1,2,4.687362026862273e-16,1.305047453252739,1.8209018591395303,1.9564559086021367,2.974315410000001,2.0638459066746335e-16,8.255383626698534e-16
12,31,Pb,Br,0,0,0,2.9743154099999995,6,6,0,4,0.09446106116086384,1.793848000000004,1.16,2.38,1.793848000000004,0.2300270000000033,12592.30946133066,11856.474067452236,0.05298487135560351,0.18616651199611056,1.7559270472481848e-24,1.2745431568051428e-24,0.19999999999999976,0.10000000000000013,0.0,1.0,0.0,0.0,0.0,0.0,0.0,0.0,0.5476415977123376,0.37700678738701104,0.22890569041184744,0.014625143294093167,1.8098178722799163,0.0005891523850097043,4.674027637711184e-14,0.962250448649376,1,2,1.220171941304934e-15,0.6343138261110552,2.8855097880781875,0.34355696918093975,2.974315409999999,3.302153450679412e-16,6.604306901358824e-16
12,29,Pb,Br,0,0,0,2.9743154099999995,6,6,0,4,0.09446106116086384,1.793848000000004,1.16,2.38,1.793848000000004,0.2300270000000033,12592.30946133025,11856.474067452442,0.05298342332477052,0.18616578798069405,1.755247691784824e-24,1.2748828345368233e-24,0.19999999999999965,0.10000000000000007,0.0,1.0,0.0,0.0,0.2511936055470235,0.12559680277351176,0.1776207018729991,0.08881035093649955,0.5476415977123409,0.3770067873870127,0.22890569041186,0.014625143294047563,1.8098178722798657,0.0005891523850093066,1.3627015155335666e-13,0.9622504486493763,1,2,4.859895506852303e-16,2.537255304444221,0.7213774470195464,1.3742278767237592,2.9743154099999995,4.3220937472009617e-16,1.0203079294662182e-16
12,35,Pb,Br,0,0,0,2.9743154099999995,6,6,0,4,0.09446106116086384,1.793848000000004,1.16,2.38,1.793848000000004,0.2300270000000033,12592.309461330366,11856.474067452384,0.05298487135560209,0.18616651199610984,1.7578913931341224e-24,1.273560983862174e-24,0.19999999999999984,0.10000000000000017,0.0,1.0,0.0,0.0,0.0,0.0,0.0,0.0,0.5476415977123403,0.37700678738701243,0.22890569041184944,0.014625143294098052,1.809817872279877,0.0005891523850099352,1.3627015155335668e-13,0.9622504486493761,1,2,3.430708317260877e-16,2.53725530444422,0.7213774470195469,1.3742278767237608,2.9743154099999995,0.0,2.664535259100374e-15
12,30,Pb,Br,0,0,0,2.974315409999999,6,6,0,4,0.09446106116086384,1.793848000000004,1.16,2.38,1.793848000000004,0.2300270000000033,12592.30946133038,11856.474067452376,0.052984871355601204,0.1861665119961094,1.7604394649975436e-24,1.2722869479304634e-24,0.19999999999999976,0.10000000000000013,0.0,1.0,0.0,0.0,0.0,0.0,0.0,0.0,0.5476415977123394,0.377006787387012,0.22890569041184683,0.0146251432941024,1.8098178722799025,0.0005891523850098783,1.3627015155335663e-13,0.962250448649376,1,8,1.7005943800457175e-15,1.4165216723500857,4.308298163315047e-16,2.615342904845554,2.974315409999999,4.1888369141487207e-16,1.0281690607455955e-15
12,28,Pb,Br,0,0,0,2.9743154099999995,6,6,0,4,0.09446106116086384,1.793848000000004,1.16,2.38,1.793848000000004,0.2300270000000033,12592.309461329121,11856.474067453006,0.05298342332476921,0.1861657879806934,1.75381091275143e-24,1.2756012240535202e-24,0.19999999999999976,0.10000000000000013,0.0,1.0,0.0,0.0,0.2511936055471978,0.1255968027735989,0.1776207018731223,0.08881035093656114,0.5476415977123439,0.3770067873870142,0.22890569041185363,0.014625143294079265,1.8098178722798872,0.0005891523850096597,4.674027637711181e-14,0.9622504486493761,1,2,1.4031677490622344e-15,0.6343138261110552,2.8855097880781875,0.34355696918093975,2.9743154099999995,4.127691813349265e-16,4.746845585351655e-16
12,18,Pb,Br,1,0,0,2.974315410000001,6,6,0,4,0.09446106116086384,1.793848000000004,1.16,2.38,1.793848000000004,0.2300270000000033,12592.309461330071,11856.474067452531,0.0529834233247673,0.18616578798069244,1.7557352734426792e-24,1.2746390437078956e-24,0.19999999999999954,0.10000000000000002,0.0,1.0,0.0,0.0,0.2511936055471412,0.1255968027735706,0.1776207018730823,0.08881035093654115,0.547641597712341,0.37700678738701277,0.22890569041185185,0.01462514329407593,1.8098178722800744,0.0005891523850096906,1.3627015155335655e-13,0.9622504486493763,1,8,1.1850347219428159e-15,1.4165216723500866,0.0,2.6153429048455554,2.974315410000001,9.820447277601312e-16,0.0
13,31,Pb,Br,0,0,0,2.974315409999999,6,6,0,4,0.09446106116086384,1.793848000000004,1.16,2.38,1.793848000000004,0.2300270000000033,12592.309461330551,11856.474067452182,0.052984871355601204,0.1861665119961117,1.7559270472479097e-24,1.2745431568050052e-24,0.1999999999999997,0.10000000000000016,0.0,1.0,0.0,0.0,0.0,0.0,0.0,0.0,0.5476415977123362,0.3770067873870117,0.22890569041184985,0.014625143294095894,1.809817872279778,0.0005891523850097224,1.869611055084476e-13,0.9622504486493759,1,2,2.9109501432775467e-16,0.5151004087594195,2.1931807847836415,1.9419530819036679,2.9743154099999987,3.3021534506794116e-16,6.604306901358823e-16
13,33,Pb,Br,0,0,0,2.974315409999999,6,6,0,4,0.09446106116086384,1.793848000000004,1.16,2.38,1.793848000000004,0.2300270000000033,12592.309461330304,11856.474067452305,0.05298487135560059,0.1861665119961114,1.7601508394354643e-24,1.272431260711228e-24,0.1999999999999997,0.10000000000000016,0.0,1.0,0.0,0.0,0.0,0.0,0.0,0.0,0.5476415977123383,0.37700678738701277,0.2289056904118427,0.014625143294116223,1.8098178722797535,0.0005891523850094361,1.8696110550844748e-13,0.9622504486493761,1,2,8.854523145786269e-16,1.7248332073174293,1.3666395952465473,2.0009494700773645,2.974315409999999,8.881784197001249e-16,0.0
13,32,Pb,Br,0,0,0,2.9743154099999995,6,6,0,4,0.09446106116086384,1.793848000000004,1.16,2.38,1.793848000000004,0.2300270000000033,12592.309461330173,11856.474067452371,0.052983423324765994,0.1861657879806941,1.752601654687525e-24,1.2762058530851976e-24,0.1999999999999997,0.10000000000000016,0.0,1.0,0.0,0.0,0.2511936055467301,0.12559680277336505,0.1776207018727916,0.0888103509363958,0.5476415977123398,0.3770067873870135,0.22890569041184086,0.014625143294117007,1.8098178722797678,0.0005891523850098152,1.8696110550844737e-13,0.9622504486493764,1,2,1.0791500823594469e-15,2.3677360777743814,1.4726868031335203,1.0351674280257392,2.9743154099999995,0.0,6.604306901358824e-16
13,28,Pb,Br,0,0,1,2.974315410000001,6,6,0,4,0.09446106116086384,1.793848000000004,1.16,2.38,1.793848000000004,0.2300270000000033,12592.309461329012,11856.474067452951,0.05298342332476691,0.18616578798069455,1.753810912751155e-24,1.2756012240533826e-24,0.1999999999999997,0.10000000000000016,0.0,1.0,0.0,0.0,0.2511936055471978,0.1255968027735989,0.1776207018731223,0.08881035093656114,0.5476415977123426,0.3770067873870149,0.2289056904118518,0.014625143294088804,1.8098178722799554,0.0005891523850096959,1.869611055084475e-13,0.962250448649376,1,2,4.907990832799599e-16,0.5151004087594198,2.193180784783643,1.941953081903669,2.974315410000001,4.127691813349267e-16,4.746845585351657e-16
13,38,Pb,Br,0,0,0,2.9743154099999995,6,6,0,4,0.09446106116086384,1.793848000000004,1.16,2.38,1.793848000000004,0.2300270000000033,12592.30946133029,11856.474067452313,0.0529848713556014,0.18616651199611178,1.7569848291028835e-24,1.2740142658775183e-24,0.1999999999999999,0.10000000000000026,0.0,1.0,0.0,0.0,0.0,0.0,0.0,0.0,0.5476415977123394,0.3770067873870133,0.22890569041184755,0.01462514329409805,1.809817872279804,0.0005891523850093788,1.8696110550844742e-13,0.9622504486493764,1,2,8.697646671137993e-16,2.367736077774381,1.4726868031335199,1.0351674280257415,2.974315409999999,1.0581959954708234e-15,3.890325809696669e-15
13,21,Pb,Br,1,0,0,2.974315410000001,6,6,0,4,0.09446106116086384,1.793848000000004,1.16,2.38,1.793848000000004,0.2300270000000033,12592.309461330042,11856.474067452436,0.052983423324766604,0.18616578798069439,1.753641442524362e-24,1.2756859591667791e-24,0.1999999999999996,0.1000000000000001,0.0,1.0,0.0,0.0,0.2511936055470869,0.12559680277354346,0.1776207018730439,0.08881035093652195,0.5476415977123401,0.37700678738701365,0.22890569041185438,0.014625143294084366,1.809817872280029,0.0005891523850094189,1.8696110550844737e-13,0.962250448649376,1,2,3.457022110656888e-16,1.7248332073174302,1.3666395952465469,2.000949470077367,2.974315410000001,9.566127956206508e-16,1.7763568394002505e-15
14,24,Pb,Br,1,0,0,2.974315410000001,6,6,0,4,0.09446106116086384,1.793848000000004,1.16,2.38,1.793848000000004,0.2300270000000033,12592.309461330042,11856.474067452436,0.05298342332476991,0.18616578798069344,1.7531224732185092e-24,1.275945443819603e-24,0.19999999999999965,0.09999999999999996,0.0,1.0,0.0,0.0,0.2511936055471486,0.1255968027735743,0.1776207018730876,0.0888103509365438,0.5476415977123397,0.37700678738701254,0.22890569041184355,0.01462514329410702,1.8098178722800689,0.000589152385009872,3.3050366380789153e-14,0.9622504486493761,1,2,6.893801474407513e-16,4.440892098500626e-16,2.974315410000001,0.0,2.974315410000001,1.0824552389774098e-15,4.3258866783855774e-16
14,34,Pb,Br,0,0,0,2.9743154099999995,6,6,0,4,0.09446106116086384,1.793848000000004,1.16,2.38,1.793848000000004,0.2300270000000033,12592.309461328996,11856.47406745296,0.05298342332476902,0.186165787980693,1.754586882060304e-24,1.2752132393987056e-24,0.19999999999999976,0.10000000000000002,0.0,1.0,0.0,0.0,0.2511936055468726,0.1255968027734363,0.1776207018728924,0.0888103509364462,0.5476415977123392,0.3770067873870123,0.2289056904118464,0.014625143294102461,1.80981787227995,0.0005891523850099776,4.674027637711185e-14,0.9622504486493765,1,2,1.4440960505440204e-15,2.9743154099999995,0.0,0.0,2.974315409999999,0.0,9.906460352038237e-16
14,29,Pb,Br,0,1,0,2.974315410000001,6,6,0,4,0.09446106116086384,1.793848000000004,1.16,2.38,1.793848000000004,0.2300270000000033,12592.30946133014,11856.474067452387,0.05298342332477082,0.1861657879806939,1.7552476917844463e-24,1.2748828345366345e-24,0.19999999999999976,0.10000000000000002,0.0,1.0,0.0,0.0,0.2511936055470235,0.12559680277351176,0.1776207018729991,0.08881035093649955,0.5476415977123404,0.37700678738701293,0.22890569041184738,0.01462514329409075,1.8098178722801617,0.0005891523850095997,3.305036638078917e-14,0.9622504486493761,1,2,9.541617283965588e-16,4.440892098500626e-16,0.0,2.974315410000001,2.974315410000001,4.3220937472009617e-16,1.0203079294662182e-16
14,35,Pb,Br,0,0,0,2.97431541,6,6,0,4,0.09446106116086384,1.793848000000004,1.16,2.38,1.793848000000004,0.2300270000000033,12592.309461330256,11856.47406745233,0.0529848713556024,0.18616651199610967,1.7578913931337448e-24,1.2735609838619852e-24,0.19999999999999996,0.10000000000000012,0.0,1.0,0.0,0.0,0.0,0.0,0.0,0.0,0.5476415977123399,0.37700678738701265,0.22890569041184855,0.014625143294106784,1.809817872280017,0.0005891523850098724,3.305036638078917e-14,0.962250448649376,1,2,4.996573009459991e-16,0.0,0.0,2.97431541,2.97431541,0.0,8.881784197001239e-16
14,36,Pb,Br,0,0,0,2.97431541,6,6,0,4,0.09446106116086384,1.793848000000004,1.16,2.38,1.793848000000004,0.2300270000000033,12592.309461330355,11856.47406745228,0.05298487135560412,0.18616651199611056,1.760252631359057e-24,1.272380364749329e-24,0.19999999999999987,0.10000000000000007,0.0,1.0,0.0,0.0,0.0,0.0,0.0,0.0,0.5476415977123401,0.37700678738701277,0.2289056904118417,0.01462514329411962,1.8098178722800147,0.0005891523850096457,3.3050366380789166e-14,0.9622504486493761,1,2,5.866658429073067e-16,0.0,2.97431541,0.0,2.97431541,0.0,8.881784197001245e-16
14,37,Pb,Br,0,0,0,2.9743154099999995,6,6,0,4,0.09446106116086384,1.793848000000004,1.16,2.38,1.793848000000004,0.2300270000000033,12592.309461330533,11856.47406745219,0.05298487135560462,0.18616651199611078,1.7548322214699064e-24,1.2750905696939044e-24,0.19999999999999987,0.10000000000000007,0.0,1.0,0.0,0.0,0.0,0.0,0.0,0.0,0.5476415977123411,0.37700678738701326,0.2289056904118462,0.014625143294098298,1.809817872279976,0.0005891523850093116,4.6740276377111825e-14,0.9622504486493764,1,2,7.521810785033185e-16,2.9743154099999995,0.0,0.0,2.9743154099999995,0.0,4.953230176019118e-16
15,27,Pb,Br,1,0,0,2.974315410000001,6,6,0,4,0.09446106116086384,1.793848000000004,1.16,2.38,1.793848000000004,0.2300270000000033,12592.309461329965,11856.474067452365,0.05298342332477038,0.18616578798069439,1.750399392191954e-24,1.277306984332971e-24,0.19999999999999976,0.10000000000000002,0.0,1.0,0.0,0.0,0.2511936055470658,0.1255968027735329,0.177620701873029,0.0888103509365145,0.5476415977123347,0.3770067873870157,0.22890569041184713,0.014625143294095748,1.809817872280246,0.0005891523850096153,1.7849884655831547e-29,0.9622504486493764,1,2,1.2986549902669555e-15,2.974315410000001,0.0,0.0,2.974315410000001,9.566127956206506e-16,0.0
15,39,Pb,Br,0,0,0,2.97431541,6,6,0,4,0.09446106116086384,1.793848000000004,1.16,2.38,1.793848000000004,0.2300270000000033,12592.30946133018,11856.474067452258,0.052984871355603286,0.18616651199611084,1.7593462359417403e-24,1.2728335624580778e-24,0.19999999999999987,0.10000000000000007,0.0,1.0,0.0,0.0,0.0,0.0,0.0,0.0,0.5476415977123346,0.37700678738701565,0.22890569041184203,0.01462514329410907,1.809817872280181,0.0005891523850096212,6.435867438771852e-29,0.9622504486493764,1,2,8.50952626571941e-16,2.97431541,0.0,0.0,2.97431541,1.2024873769740463e-15,3.629682061284462e-16
15,38,Pb,Br,0,0,0,2.97431541,6,6,0,4,0.09446106116086384,1.793848000000004,1.16,2.38,1.793848000000004,0.2300270000000033,12592.30946133018,11856.474067452258,0.052984871355603286,0.18616651199611084,1.756984829102871e-24,1.2740142658775125e-24,0.20000000000000007,0.10000000000000017,0.0,1.0,0.0,0.0,0.0,0.0,0.0,0.0,0.5476415977123347,0.3770067873870157,0.22890569041184541,0.014625143294097014,1.8098178722801337,0.0005891523850095656,7.573064690121713e-29,0.9622504486493764,1,2,6.025207890562275e-16,0.0,2.97431541,0.0,2.9743154099999995,3.3021534506794126e-16,1.4859690528057356e-15
15,34,Pb,Br,0,0,1,2.974315410000001,6,6,0,4,0.09446106116086384,1.793848000000004,1.16,2.38,1.793848000000004,0.2300270000000033,12592.309461328887,11856.474067452906,0.0529834233247683,0.18616578798069336,1.7545868820603944e-24,1.2752132393987508e-24,0.19999999999999976,0.10000000000000002,0.0,1.0,0.0,0.0,0.2511936055468726,0.1255968027734363,0.1776207018728924,0.0888103509364462,0.5476415977123336,0.37700678738701515,0.2289056904118438,0.01462514329411018,1.8098178722804013,0.0005891523850094788,2.524354896707238e-29,0.9622504486493764,1,2,7.62247077255061e-16,0.0,0.0,2.974315410000001,2.9743154100000004,0.0,9.90646035203824e-16
15,37,Pb,Br,0,0,0,2.974315410000001,6,6,0,4,0.09446106116086384,1.793848000000004,1.16,2.38,1.793848000000004,0.2300270000000033,12592.309461330424,11856.474067452136,0.052984871355603896,0.18616651199611117,1.7548322214699968e-24,1.2750905696939496e-24,0.19999999999999987,0.10000000000000007,0.0,1.0,0.0,0.0,0.0,0.0,0.0,0.0,0.5476415977123354,0.3770067873870161,0.22890569041184336,0.014625143294109782,1.8098178722802316,0.0005891523850099178,2.524354896707238e-29,0.9622504486493764,1,2,5.175847973560966e-16,0.0,0.0,2.974315410000001,2.974315410000001,0.0,4.95323017601912e-16
15,32,Pb,Br,0,1,0,2.974315410000001,6,6,0,4,0.09446106116086384,1.793848000000004,1.16,2.38,1.793848000000004,0.2300270000000033,12592.309461330064,11856.474067452316,0.05298342332476788,0.18616578798069316,1.7526016546875128e-24,1.2762058530851915e-24,0.19999999999999987,0.10000000000000007,0.0,1.0,0.0,0.0,0.2511936055467301,0.12559680277336505,0.1776207018727916,0.0888103509363958,0.547641597712335,0.3770067873870159,0.2289056904118492,0.014625143294092969,1.8098178722803129,0.000589152385009742,1.7849884655831547e-29,0.9622504486493764,1,2,5.619923205624384e-16,0.0,2.974315410000001,0.0,2.974315410000001,0.0,6.604306901358827e-16
